Norm,Activation,Seed,Patient,Dice_NCR,HD95_NCR,Sens_NCR,Prec_NCR,Dice_ED,HD95_ED,Sens_ED,Prec_ED,Dice_ET,HD95_ET,Sens_ET,Prec_ET,Dice_TC,HD95_TC,Sens_TC,Prec_TC,Dice_WT,HD95_WT,Sens_WT,Prec_WT
gn,tanhexp,1337,BraTS20_Training_001.npy,0.8617569433009435,1.4142135623730951,0.8880398880476333,0.8369850467885352,0.8687837027871385,1.4142135623730951,0.7774891568098823,0.9843707569483473,0.8878159808104603,1.0,0.9279792369230844,0.8509850585577863,0.9385005899514038,1.0,0.9760101884969293,0.9037673947930254,0.9098764356243081,1.0,0.8412712703301726,0.9906645313019623
gn,tanhexp,1337,BraTS20_Training_002.npy,0.8926655632964027,2.8284271247461903,0.9719432303799747,0.8253453223089411,0.8418282799925495,1.4142135623730951,0.9012027992082962,0.7897937914014669,0.8632164043692508,1.0,0.877385859096983,0.8494973375968402,0.9315694525160644,1.0,0.9861862620241987,0.8826847468049202,0.890670207499429,1.4142135623730951,0.9510043875248478,0.8375348298147396
gn,tanhexp,1337,BraTS20_Training_003.npy,0.6558345594103799,4.242640687119285,0.6057298689532078,0.7149758338973295,0.7106670775306582,5.0,0.7515339773157179,0.6740154769822819,0.8595840708373624,1.0,0.8892595033713825,0.8318252704155217,0.904062457451287,1.0,0.915572230191444,0.8928384712680646,0.7491867065208287,4.123105625617661,0.788069916198185,0.7139600617871917
gn,tanhexp,1337,BraTS20_Training_004.npy,0.7824109169053415,3.7416573867739413,0.6775757568913376,0.9256243950246662,0.9525969265110135,0.0,0.9636020900434388,0.9418403011702603,0.8980015928729257,1.0,0.9313887485226031,0.866925236814949,0.9386788350850328,1.0,0.9067970943755838,0.9728841038814089,0.9608242481828502,0.0,0.9610695453638716,0.9605790760859679
gn,tanhexp,1337,BraTS20_Training_005.npy,0.6374999987548828,29.427877939124322,0.48876909107885863,0.9163391301721554,0.4433304267182537,68.3556871070424,0.3271148273928678,0.687626772523236,0.77902621681165,25.15949125081825,0.737887694366625,0.8250226645228664,0.8604787900627977,25.199206336708304,0.7757667544295594,0.9659594521773132,0.7606863515549971,6.0,0.6459352310940971,0.9250165885681512
gn,tanhexp,1337,BraTS20_Training_006.npy,0.5850368085653016,4.898979485566356,0.43094229195372163,0.910670503239878,0.9115846683009646,1.0,0.8669298775361193,0.9610895398327933,0.806181246585266,1.0,0.9253988611699676,0.7141752256174436,0.9214686324462019,1.0,0.8899262897275125,0.9553290970014796,0.9331466467584612,1.0,0.8918706965996454,0.9784285093351411
gn,tanhexp,1337,BraTS20_Training_007.npy,0.8510185453769862,13.774826263714944,0.8237198327730434,0.8801886764773941,0.8842161297437755,1.0,0.8826303550705312,0.8858076125305621,0.8877459377192048,1.0,0.882773176030568,0.8927750395849343,0.9337653365200163,1.0,0.9197446887938217,0.948220063702028,0.9190894233624584,1.0,0.9145133231869026,0.9237115499786841
gn,tanhexp,1337,BraTS20_Training_008.npy,0.20295566302506737,10.63014581273465,0.6560509136273304,0.12004661864747532,0.8135135909736912,1.4142135623730951,0.8836165234969239,0.7537164585927408,0.8638538457422624,1.0,0.8199834779522421,0.9126838151407738,0.7248038602148345,8.369153991880232,0.8779239701906143,0.6171634089559949,0.8266385356166924,1.4142135623730951,0.9021020838734257,0.7628258613965394
gn,tanhexp,1337,BraTS20_Training_009.npy,0.6965685488928633,7.280109889280518,0.6868985641714392,0.7065146841203493,0.8051043451797076,3.0,0.7605823505042533,0.8551627669408163,0.717587020278563,3.7416573867739413,0.5856466472985508,0.9262654193436705,0.8182460252443239,4.123105625617661,0.7140459235592738,0.958054015842693,0.8773863288209701,1.7320508075688772,0.8010869188901967,0.9697500330705705
gn,tanhexp,1337,BraTS20_Training_010.npy,0.4212091158512928,13.093828199769641,0.8157389478744924,0.28390113370807524,0.8228537769477177,1.7320508075688772,0.8260273602209187,0.8197044858324786,0.8878430114168451,1.0,0.8597250102584196,0.9178624428206129,0.8776968524957421,1.4142135623730951,0.9132113226862864,0.844841268723755,0.8580583719838599,1.4142135623730951,0.8663378654631483,0.8499356326075519
gn,tanhexp,1337,BraTS20_Training_011.npy,0.46211503916878766,5.385164807134504,0.30805996022580934,0.9243806980157712,0.9009782546927186,1.0,0.9461128458179077,0.8599539011311349,0.7775194853155206,1.0,0.9847592639682036,0.6423407132373015,0.9201945764483964,1.0,0.9205936196197422,0.9197958781823649,0.9211490998002732,1.0,0.9583317598160458,0.8867439990065434
gn,tanhexp,1337,BraTS20_Training_012.npy,0.7217524966914826,2.974264068711835,0.8140442097353956,0.6482568151596243,0.797590758111759,4.878123112992367,0.7237094911730031,0.8882716691708041,0.8408127965059985,1.0,0.8139963153959546,0.8694563646826603,0.9203888121412196,1.0,0.9320048297922647,0.9090587808822491,0.8707315425714112,2.0,0.8140121760152639,0.9359471905495096
gn,tanhexp,1337,BraTS20_Training_013.npy,0.8853004991243375,1.0,0.8357469504232594,0.9411007392542639,0.8322569270609693,1.7320508075688772,0.8164381836195327,0.8487007678219641,0.6985418778133358,1.4142135623730951,0.76504084980183,0.6426788672157262,0.9132710016350576,1.0,0.9005159952524829,0.926392525354666,0.8998385731965959,1.0,0.8841580524214683,0.9160853231115094
gn,tanhexp,1337,BraTS20_Training_014.npy,0.5253198163044558,3.7416573867739413,0.5915416388437251,0.4724320565490735,0.8276803640005639,2.0,0.8791515011982196,0.7819027867782943,0.8407547558859688,1.0,0.9171567513474572,0.7761029759899977,0.8687791961028755,1.4142135623730951,0.9581876344921555,0.794632114516541,0.9005497134195126,1.0,0.9689328677488342,0.8411826268052086
gn,tanhexp,1337,BraTS20_Training_015.npy,0.3332407147047877,10.862780491200215,0.20737752137478097,0.8477851043930955,0.9356089563080561,1.0,0.9439643154963326,0.9274002117255778,0.8754906231598939,1.0,0.8920239936769341,0.8595589800261625,0.773549294542552,4.242640687119285,0.637608191074499,0.9831646886050552,0.9492575613846974,1.0,0.9330018277288943,0.9660897880123236
gn,tanhexp,1337,BraTS20_Training_016.npy,0.12613677398268597,10.954451150103322,0.0684824070198986,0.7977574717701101,0.8377518445256046,1.7320508075688772,0.9220396955438909,0.7675835350346166,0.6151295531677491,2.8284271247461903,0.9965466955747474,0.4448631425970802,0.8237641198079602,3.0,0.7286889633589676,0.9473717519708308,0.9187085934315173,1.0,0.9469599167994143,0.8920941200237233
gn,tanhexp,1337,BraTS20_Training_017.npy,0.6451612897661193,4.242640687119285,0.5334474389766832,0.8160593479902698,0.9092112545343469,1.0,0.9344366121750347,0.885312027637422,0.8546477774405539,1.0,0.9506403785427538,0.7762632188293029,0.8838206480302293,1.4142135623730951,0.8563753575527397,0.9130833262712263,0.9340800568972705,1.0,0.9522681689408221,0.9165737012255348
gn,tanhexp,1337,BraTS20_Training_018.npy,0.12611464927988963,10.770329614269007,0.5806451442626058,0.07073954958649678,0.7819040582922677,4.47213595499958,0.8359459134053019,0.7344252642428827,0.6533799041434561,13.152946437965905,0.9380530918108962,0.5012610324676512,0.4860746840438683,12.041594578792296,0.9557956731051294,0.32590855748466163,0.7973868292916102,3.605551275463989,0.8857397136337053,0.7250616452355485
gn,tanhexp,1337,BraTS20_Training_019.npy,0.6577181204112428,3.605551275463989,0.5112725912881754,0.9217332869974248,0.7796507343286279,2.23606797749979,0.773849462032753,0.7855396433873822,0.7989451096017589,1.0,0.9107306624776005,0.7116012415705062,0.9276497693477599,1.0,0.8817345593606197,0.9786096251398425,0.9038186212472341,1.0,0.8792611364067718,0.9297872851897077
gn,tanhexp,1337,BraTS20_Training_020.npy,0.7228664840494281,4.58257569495584,0.5737335875871924,0.976759552753217,0.7612551612351179,3.7416573867739413,0.8274784617502341,0.704846153737716,0.7109129879918434,1.4142135623730951,0.8436244329105229,0.6142799622562662,0.8513921146819488,3.0,0.7531179935079991,0.979162741099369,0.9057222935254573,1.4142135623730951,0.8599640933074673,0.9566236961689555
gn,tanhexp,1337,BraTS20_Training_021.npy,0.18825910867658868,9.687603371756698,0.10465116239815768,0.9362415793207525,0.7489158331270173,3.1622776601683795,0.6782840101708025,0.8359677543523403,0.708074533281895,1.4142135623730951,0.9490509458906061,0.5646918950570797,0.8923188660865091,1.0,0.8668195433642273,0.9193638897673267,0.7938200831305722,2.8284271247461903,0.7269792173403388,0.8741966001519701
gn,tanhexp,1337,BraTS20_Training_022.npy,0.8243922310541933,3.1622776601683795,0.7333279633268944,0.9412798501589168,0.8903525278019881,1.0,0.9467463512321586,0.8402993201732697,0.8754748139621593,1.0,0.8727841496774139,0.8781821189032072,0.927574932654175,1.0,0.8843555175492523,0.9752357638128156,0.9479978859654383,1.0,0.9611703219470374,0.9351816141841737
gn,tanhexp,1337,BraTS20_Training_023.npy,0.8942427507732469,1.0,0.8168159040570407,0.9878854607417669,0.8132034729606276,1.4142135623730951,0.7501377290544825,0.8878467167137248,0.8566746261850098,1.0,0.8364268073178872,0.877927062497191,0.9402287833322666,1.0,0.895754877955178,0.9893496338610098,0.8904950082037105,1.0,0.8329158862843382,0.9566261692622186
gn,tanhexp,1337,BraTS20_Training_024.npy,0.631022959328422,9.1104335791443,0.5700097359882965,0.7066634459037581,0.8063323262190266,2.23606797749979,0.8540927087564697,0.7636305371700318,0.7601486727567951,2.449489742783178,0.6205376188211551,0.9808167845778818,0.7908498225344046,2.8284271247461903,0.6590666460808805,0.9885057465611564,0.8853908483743214,1.4142135623730951,0.8759962272016037,0.8949891591309336
gn,tanhexp,1337,BraTS20_Training_025.npy,0.9572569032960981,0.0,0.9388991574558949,0.9763468412748428,0.8539443809003052,1.0,0.8906592200803056,0.820136630411622,0.8993135008991735,1.0,0.9468249865503212,0.8563424120070856,0.9667213966912657,0.0,0.9810615294423957,0.952794442439534,0.9285024153974918,1.0,0.955281397530498,0.9031838604272805
gn,tanhexp,1337,BraTS20_Training_026.npy,0.5418871456137264,6.4031242374328485,0.5149061132731991,0.571852144127444,0.8987015533421098,1.0,0.8935450176942035,0.9039179498102368,0.6987727007424387,2.8284271247461903,0.7118178743403372,0.6861970681245126,0.8179793362909026,2.23606797749979,0.8152264197246795,0.8207509081202056,0.9399177278900134,1.0,0.9349607613061085,0.9449275361783895
gn,tanhexp,1337,BraTS20_Training_027.npy,0.8198886977584185,3.1622776601683795,0.9108979534139628,0.7454132771463843,0.6571044154884735,6.708203932499369,0.9771310777307793,0.4949877149269057,0.8346426269044936,1.0,0.7733890210182643,0.9064335657996968,0.9194026287272251,1.0,0.9096525396806152,0.9293639941588149,0.7663108221761077,4.242640687119285,0.9941183529897193,0.6234450570578463
gn,tanhexp,1337,BraTS20_Training_028.npy,0.8144496643191483,1.4142135623730951,0.9205989884718806,0.7302486177758998,0.3111766744956815,5.0,0.3269511299654429,0.296854304144281,0.6700753198801059,2.0,0.6587395950073077,0.6818080099778384,0.8424226867565692,1.4142135623730951,0.8756836061920211,0.8115959940588479,0.8726812814144927,1.4142135623730951,0.9097568117444297,0.8385093163927855
gn,tanhexp,1337,BraTS20_Training_029.npy,0.7170708494601264,4.242640687119285,0.890726515707463,0.6000795837641083,0.9228306826054168,1.0,0.9074913112237765,0.9386975341730288,0.8786618603838261,1.0,0.8338887899773921,0.9285156231864929,0.929926132341834,1.0,0.9449553679402822,0.9153674820969901,0.9366765761053433,1.0,0.9247486005156695,0.9489162811334337
gn,tanhexp,1337,BraTS20_Training_030.npy,0.23948439538845184,34.292856398964496,0.20194507893624097,0.2941666642152778,0.8373645932648182,2.23606797749979,0.8077360511791369,0.8692495085535947,0.8084641205524603,1.4142135623730951,0.8419255149749139,0.7775608279099417,0.7939066957829853,18.466185312619388,0.7919463077219877,0.7958768124257104,0.8501415427724626,2.23606797749979,0.822285305789037,0.8799513082248056
gn,tanhexp,1337,BraTS20_Training_031.npy,0.7090666661939555,4.242640687119285,0.8034446278842051,0.6345304848651349,0.8567479550839946,1.4142135623730951,0.8539830522856581,0.8595308194777223,0.8741459821779701,1.0,0.8682142200382863,0.8801593547597353,0.8982914605704894,1.0,0.9213766968665135,0.876334756781789,0.9248825432243846,1.0,0.9312553686426241,0.918596346710736
gn,tanhexp,1337,BraTS20_Training_032.npy,0.788140390045188,3.0,0.7078937324165582,0.8889066226833094,0.6600985218455355,2.23606797749979,0.7460859969723418,0.5918831447635065,0.7846822832633459,1.0,0.8774443157194978,0.709658321456649,0.8949013201681068,1.0,0.9118187028618366,0.8786002538124826,0.9039662987926231,1.0,0.9555094336016946,0.8576993425724208
gn,tanhexp,1337,BraTS20_Training_033.npy,0.7346442611836652,5.385164807134504,0.6155044325239583,0.9109771219879818,0.9326015750463287,1.0,0.9243067215260462,0.9410466548959202,0.9160449462784965,1.0,0.9395340115313049,0.8937017225824707,0.9508798904512898,0.0,0.9140628204007133,0.9907873065152933,0.9530475236147676,0.0,0.9389251344854896,0.9676012303155328
gn,tanhexp,1337,BraTS20_Training_034.npy,0.8784903489442764,1.4142135623730951,0.892337630312655,0.8650662637999027,0.8713116529706675,1.0,0.906070232483457,0.8391213595389878,0.8322328995157584,1.4142135623730951,0.7816618907975187,0.88980010209692,0.9260117056753628,1.0,0.9021229296649721,0.9512000747817363,0.9424846375923918,1.0,0.9496685703264424,0.9354085769519508
gn,tanhexp,1337,BraTS20_Training_035.npy,0.5752521551317822,6.164414002968976,0.4263342518891112,0.8840491852406918,0.7470986025315075,2.23606797749979,0.7470584012243298,0.7471388078975572,0.8006173057081957,1.0,0.9301376634530799,0.7027590929550451,0.8661122479137335,2.0,0.825257218547698,0.911223087285565,0.876796032917835,1.4142135623730951,0.8505730507267529,0.9046873469720705
gn,tanhexp,1337,BraTS20_Training_036.npy,0.6551282009286654,4.358898943540674,0.8735042585725769,0.5241025587271533,0.7891395640252273,3.1622776601683795,0.8902600254624724,0.7086476050617018,0.8316912963549966,1.0,0.7848150285012299,0.8845230279752827,0.8791578194628823,1.0,0.864474598356864,0.8943484505141317,0.8798061793216896,1.0,0.9431327570540119,0.8244486373248917
gn,tanhexp,1337,BraTS20_Training_037.npy,0.8102558642426427,2.23606797749979,0.8320769137637093,0.7895500717504146,0.8193441685279315,2.8284271247461903,0.7027233392284562,0.9823746875015296,0.8523554258751268,1.0,0.8348981147264078,0.8705583750032209,0.9322943278546468,1.0,0.9303926564123778,0.9342037886438797,0.8527540373828755,2.449489742783178,0.7466268733921587,0.9940505379039108
gn,tanhexp,1337,BraTS20_Training_038.npy,0.7510688177487846,3.605551275463989,0.7879050918326533,0.7175230560232561,0.7784752844371883,2.23606797749979,0.7196361498977096,0.8477928067845668,0.7996145626545698,1.4142135623730951,0.7917859361992177,0.8075995426701648,0.8606294339035804,1.4142135623730951,0.8674324831411735,0.8539322631635352,0.8942216171110843,1.0,0.8550248206447849,0.9371848662155925
gn,tanhexp,1337,BraTS20_Training_039.npy,0.9206801231923276,1.0,0.8875968977913488,0.9563250374868192,0.8681056470107641,1.0,0.9639713717179925,0.7895826575224928,0.8733351556952954,1.0,0.871666925875825,0.8750097825193631,0.930371317209959,1.0,0.9182879372603386,0.9427769375173953,0.9182176998010014,1.0,0.978053342915925,0.8652812610490724
gn,tanhexp,1337,BraTS20_Training_040.npy,0.9387364896463508,1.0,0.9338511116744064,0.943673250964403,0.918723072993635,1.0,0.9153514280033476,0.922119648237611,0.8896983887574105,1.0,0.8551183724345122,0.9271930216806648,0.9590813597021722,0.0,0.9360423120445391,0.9832831580920568,0.9492663796438479,1.0,0.9396165800868855,0.9591164414028301
gn,tanhexp,1337,BraTS20_Training_041.npy,0.6992084422468361,4.358898943540674,0.6223903950355156,0.7976588602084987,0.9351273020594868,1.0,0.938051451786949,0.9322213261889032,0.8163314315122597,2.0,0.8896741252589005,0.7541601944151762,0.8669761890927392,1.4142135623730951,0.8870391345881294,0.8478007323827051,0.9575651855190184,0.0,0.9636724002316596,0.9515348913901344
gn,tanhexp,1337,BraTS20_Training_042.npy,0.9442278781767107,1.0,0.9330312180599037,0.9556965284668129,0.9192441261768959,1.0,0.9525579506141252,0.888181731973855,0.8665191930080626,1.0,0.8631720843764339,0.8698923602937129,0.9606303266265892,0.0,0.9530232199266806,0.9683598512813455,0.9582539008137538,0.0,0.9688831991142283,0.9478552926098176
gn,tanhexp,1337,BraTS20_Training_043.npy,0.76099753744943,5.744562646538029,0.6995277436058093,0.8343111925972514,0.7885802739206352,2.449489742783178,0.7541297982188441,0.8263289829586636,0.6254240658043823,2.449489742783178,0.5971798757729425,0.6564725569481669,0.8074404341595093,2.23606797749979,0.7520114186971043,0.8716907327441475,0.8424083253735926,1.7320508075688772,0.8012770843994557,0.8879907618617898
gn,tanhexp,1337,BraTS20_Training_044.npy,0.3099510553025929,5.0990195135927845,0.2363184020816318,0.4502369454864007,0.7051729193568327,5.830951894845301,0.6239616978403544,0.8106872511349118,0.7483962909893218,2.449489742783178,0.7436260570564727,0.7532281151131412,0.7253582897766648,3.016227766016823,0.6835722123287089,0.7725856649683136,0.7499560089301553,5.0,0.6676762398602213,0.8553652656841282
gn,tanhexp,1337,BraTS20_Training_045.npy,0.8391434910434967,1.0,0.7765828898159842,0.9126668553587994,0.8598967113816633,1.0,0.8402521921954614,0.8804817702399386,0.8994648779753184,1.0,0.9398593257413572,0.8623995912006315,0.9613013758269334,0.0,0.9705756471626764,0.9522026661268409,0.9489968550120655,1.0,0.9455917477704462,0.9524265745906996
gn,tanhexp,1337,BraTS20_Training_046.npy,0.22181817778512405,16.822603841260722,0.3742331058752696,0.15762273494514897,0.5420137421707394,18.466185312619388,0.4054907815732896,0.8171296291567537,0.7762485223112523,1.4142135623730951,0.7273397146106138,0.8322090992225203,0.7377950186298253,8.54400374531753,0.7506578897983034,0.7253655389360105,0.5752694989446019,17.944358444926362,0.43684992558558966,0.8420940959836132
gn,tanhexp,1337,BraTS20_Training_047.npy,0.8560832201074475,2.8284271247461903,0.7822780622310207,0.9452656808049278,0.762796052568849,3.0,0.658460402552963,0.9064222333372899,0.8606210666223606,1.0,0.9123777379105723,0.8144211992149452,0.9393304419099677,1.0,0.929023551564916,0.9498685937992988,0.887081879290019,1.4142135623730951,0.8181037081083733,0.968762829465687
gn,tanhexp,1337,BraTS20_Training_048.npy,0.75733496101059,2.23606797749979,0.8725352051229915,0.6690064758692955,0.5777563534512314,13.152946437965905,0.41845759934112126,0.9328893877601926,0.7664893596635921,1.0,0.706026454159596,0.838278063768016,0.8757110340220264,1.0,0.8896272727835097,0.8622234644015024,0.6614833343110712,12.24744871391589,0.5019323504559211,0.9697370153497179
gn,tanhexp,1337,BraTS20_Training_049.npy,0.3166397389609068,5.477225575051661,0.19502487368134455,0.841201680635121,0.9175761755063926,1.0,0.8974582827243678,0.938616696561743,0.8606000730206198,1.0,0.9550561771579715,0.7831460656558515,0.9501981354287264,0.0,0.9531585712222636,0.9472560304350716,0.927310632297678,1.0,0.9089422918080863,0.9464366770792788
gn,tanhexp,1337,BraTS20_Training_050.npy,0.861334341675123,1.4142135623730951,0.7804397484921645,0.9609380490257584,0.769207082074978,5.0,0.8052869110208842,0.7362216322309006,0.8521066730315229,1.0,0.9065880673360796,0.803802193784446,0.9577881353878359,0.0,0.9386742342339706,0.9776966361631106,0.9448104267848748,1.0,0.935965875592454,0.9538237283364798
gn,tanhexp,1337,BraTS20_Training_051.npy,0.8563874524018898,1.0,0.800854122722288,0.9201962786151955,0.9247089337566503,1.0,0.9151476695013125,0.934472095328673,0.885074744568111,1.0,0.853872567070681,0.9186437887540894,0.9423036864515416,1.0,0.9020166338714728,0.9863576895369354,0.9416588722215035,1.0,0.92751501185099,0.9562407774083481
gn,tanhexp,1337,BraTS20_Training_052.npy,0.8778332684615509,1.0,0.8214991896072278,0.9424623614302695,0.8599279130590849,1.0,0.9661280666402841,0.7747632452089956,0.8688481255649162,1.0,0.881948915129911,0.8561308460713295,0.9502540144736424,0.0,0.9364290027979107,0.9644933548141658,0.9169176881591455,1.0,0.9830020525251584,0.8591589355725627
gn,tanhexp,1337,BraTS20_Training_053.npy,0.7063934171276162,5.830951894845301,0.5733842192206221,0.9197497991485896,0.9387969004028949,1.0,0.9411349507967808,0.9364704379280687,0.8463834908886065,1.0,0.8920291445219374,0.8051818626754541,0.8709260215026057,2.0,0.7974515651568133,0.959313920474492,0.95864962526691,0.0,0.948980011733021,0.9685183239897429
gn,tanhexp,1337,BraTS20_Training_054.npy,0.8407912980211758,1.0,0.8658848280470834,0.8171112360710681,0.7885007511283938,2.0,0.6903525872799904,0.919181809364407,0.9061490848852682,1.0,0.8753777659391747,0.9391625698360831,0.9458546919628384,1.0,0.9244602391715315,0.9682628527138163,0.902511188234009,1.0,0.8331770734629442,0.984432234286832
gn,tanhexp,1337,BraTS20_Training_055.npy,0.7424104701486908,5.385164807134504,0.6277282498805283,0.9083629873034632,0.9374235246453616,1.0,0.9457158661545529,0.9292753388835373,0.8769729724989336,1.0,0.9825581383447697,0.791878171815816,0.9425801637371771,1.0,0.9418777936987686,0.9432835814496041,0.9510511743323994,0.0,0.9582658526617073,0.9439443211570572
gn,tanhexp,1337,BraTS20_Training_056.npy,0.8196535427907694,3.605551275463989,0.7634358122935511,0.8848089203252973,0.5990296360829971,6.9353829072478534,0.46721943672039173,0.8344382257129245,0.8278624041507873,3.0,0.7683525816326596,0.8973643406215172,0.8896651907703262,2.23606797749979,0.8265158571940118,0.9632625544083951,0.8300233967787695,4.123105625617661,0.7216234453443316,0.9767472203724757
gn,tanhexp,1337,BraTS20_Training_057.npy,0.7373450787855084,4.123105625617661,0.7840584287581503,0.6958850036756341,0.9043112232402236,1.0,0.8636161252701833,0.9490312297719922,0.8617635288520695,1.0,0.8754208744044806,0.8485257699206328,0.9069267643796798,1.0,0.932834551153856,0.8824191725249967,0.9296485582153363,1.0,0.8967146539380205,0.9650938451594543
gn,tanhexp,1337,BraTS20_Training_058.npy,0.3702180834561946,19.390719429665317,0.43808433463262325,0.32055846399961013,0.5775808710478564,8.246211251235321,0.4783359412293832,0.7287898716029287,0.4912832095018989,7.0710678118654755,0.7456768027047156,0.36631270570024704,0.4521142350117081,13.379088160259652,0.59400814392437,0.3649392421855114,0.7171912025198448,6.324555320336759,0.6595234444427932,0.7859100160778342
gn,tanhexp,1337,BraTS20_Training_059.npy,0.5582586391916861,3.0,0.48390676488449763,0.6596066466020175,0.7721404981832696,4.242640687119285,0.7550429856342868,0.790030277418917,0.7856894727832946,1.758845726811965,0.9650170566124825,0.6625659012151969,0.8835847762134997,1.0,0.9464544093272821,0.8285472937983644,0.800039157944192,4.123105625617661,0.788293849529943,0.8121397619699727
gn,tanhexp,1337,BraTS20_Training_060.npy,0.8835088982194068,1.4142135623730951,0.9343065688341287,0.8379500704294542,0.8505716966373765,1.4142135623730951,0.7994005727185916,0.9087419672858191,0.8470954416403509,1.0,0.8750927523651417,0.8208340578731894,0.9346345513656374,1.0,0.9776715896386702,0.8952267300728648,0.9316235823679531,1.0,0.9147363232071318,0.9491460918903541
gn,tanhexp,1337,BraTS20_Training_061.npy,0.8216613732060326,2.8284271247461903,0.7147426567101736,0.9661949666544911,0.6412056855390731,22.737634001804146,0.7523107826492823,0.5586947865512388,0.8000869811538946,1.0,0.844917328773856,0.7597742280289452,0.920114897554493,1.0,0.8838180455750798,0.959520724611787,0.8827375861543155,2.23606797749979,0.9150658678251181,0.8526156039758009
gn,tanhexp,1337,BraTS20_Training_062.npy,0.9008151808363449,1.0,0.842263094341132,0.9681162745055919,0.9042749005661235,1.0,0.9028981566088958,0.9056558493694403,0.8998220263491565,1.0,0.9896161626282666,0.8249675044041683,0.9625230192772136,0.0,0.9952942112828669,0.9318410930568194,0.9499246555227677,1.0,0.9604027978438348,0.9396726818914996
gn,tanhexp,1337,BraTS20_Training_063.npy,0.3445945931393809,3.4641016151377544,0.5319426267021822,0.25484072295539834,0.8066486713043289,1.4142135623730951,0.8471255213376512,0.7698635082980534,0.723684208884564,4.123105625617661,0.7076308752988869,0.7404828192178141,0.6998229033355624,3.1622776601683795,0.7848394545354536,0.6314247652958062,0.8855268343722343,1.0,0.9445506684936515,0.8334458085885775
gn,tanhexp,1337,BraTS20_Training_064.npy,0.8467569492918616,2.23606797749979,0.7857671350898483,0.9180113157695904,0.5807898991545912,7.681145747868608,0.6999496977490256,0.4962995985304059,0.7697993183233928,1.4142135623730951,0.7197111297876774,0.8273807583176361,0.9126624641528567,1.0,0.8497328276645602,0.9856585038705116,0.8672943740986612,2.0,0.8469550695771063,0.8886345965453034
gn,tanhexp,1337,BraTS20_Training_065.npy,0.7095610300086529,4.0,0.5772994072671291,0.9204368031133104,0.7429596690960761,4.358898943540674,0.9031340377871443,0.6310419080235078,0.888116516239463,1.0,0.9606158218381101,0.8257925490126421,0.9209604141194544,1.0,0.930013103722115,0.9120822598661124,0.7839473727498775,3.1622776601683795,0.9282502204576206,0.6784739543129936
gn,tanhexp,1337,BraTS20_Training_066.npy,0.8663267561765117,2.0,0.8625662141516095,0.8701202302655184,0.9055040669113235,1.0,0.8945635771353473,0.9167154736050801,0.8192074375989526,1.0,0.8338141940752288,0.8051036318195859,0.9067753108858029,1.0,0.9141064608278207,0.8995608166892236,0.9418787573923351,1.0,0.9354593515640323,0.9483868756510057
gn,tanhexp,1337,BraTS20_Training_067.npy,0.7816243126583567,2.8284271247461903,0.6659196408948939,0.9459920398567458,0.9270991492524735,1.0,0.8893692302416439,0.9681721425204286,0.8772300514527019,1.0,0.9904127465497534,0.7872629693068827,0.9613748319299463,0.0,0.9895422197604383,0.9347666346619222,0.9566745327406697,0.0,0.9388928827326763,0.97514271662932
gn,tanhexp,1337,BraTS20_Training_068.npy,0.8292793814420096,4.242640687119285,0.7363003326590472,0.9491349024657637,0.8040576613522885,2.0,0.892708950422259,0.7314230206301869,0.8440848914883782,1.0,0.8546808504576732,0.8337484427606556,0.9050293350319973,1.0,0.8504628808153596,0.9670779130457697,0.9392030294397794,1.0,0.9483280031722177,0.9302519860656985
gn,tanhexp,1337,BraTS20_Training_069.npy,0.8522016220011003,2.0,0.7622033367384168,0.9662987774495475,0.7230385873151367,12.36931687685298,0.5944592452201751,0.9225917880142108,0.8367736652915116,1.0,0.8830529071185127,0.7951036861779357,0.9326183879763863,1.0,0.9012854645419892,0.9662083355944361,0.7976949064442181,9.055385138137417,0.6820132732832265,0.9606359165418468
gn,tanhexp,1337,BraTS20_Training_070.npy,0.5762191375211217,6.6332495807108,0.41618240677097884,0.9362339078572659,0.644673814882318,4.123105625617661,0.7169668327759599,0.5856242942920933,0.7222507140734666,1.4142135623730951,0.7736011922046605,0.6772930259860577,0.7734455913979744,4.0,0.6560675620200455,0.9419759110750424,0.8988401650100822,1.0,0.8546207420813922,0.9478852397340676
gn,tanhexp,1337,BraTS20_Training_071.npy,0.28110005818478634,15.231546211727817,0.20097054852581903,0.4674970787563367,0.8996942859070939,1.0,0.9447209357562458,0.8587644364888428,0.8166575037490116,2.449489742783178,0.7090692118464048,0.9627349309108502,0.7247884631992927,9.643650760992955,0.5934972497608664,0.9306671168253428,0.9343953712579984,1.0,0.9547247990291284,0.9149136616833329
gn,tanhexp,1337,BraTS20_Training_072.npy,0.7512838527751318,3.0,0.6552569536489797,0.8802888258420462,0.6108832084249626,5.916079783099616,0.8166718894570889,0.48793191481056475,0.8918154803548718,1.0,0.8823965972419157,0.9014376109114286,0.9392086534655042,1.0,0.9036986719611511,0.977623438268276,0.8015147845174093,3.3166247903554,0.9017699004320378,0.7213212200955723
gn,tanhexp,1337,BraTS20_Training_073.npy,0.8926174490403961,1.0,0.8547328948256354,0.9340160922691791,0.8519648843577926,1.0,0.8195723085104849,0.8870233795359237,0.8366783472248708,1.0,0.8328752633901954,0.8405163208443394,0.9491822074509075,1.0,0.9289975775716242,0.9702634332961544,0.9182788215126098,1.0,0.889215840227944,0.94930577181619
in,relu,2025,BraTS20_Training_001.npy,0.8689185201753044,1.0,0.8587062093772543,0.8793766572417927,0.8812166211752875,1.4142135623730951,0.7997116438206168,0.9812206228860431,0.8832418967918881,1.0,0.9459303579605183,0.8283459593344867,0.9407749179008533,1.0,0.9797151786546914,0.9048118047680043,0.9189187819084289,1.0,0.8591026047651741,0.9876878823164384
in,relu,2025,BraTS20_Training_002.npy,0.9257214945456965,1.0,0.9612445404353226,0.8927304056648785,0.84376585711818,1.4142135623730951,0.9076359239511792,0.7882938555799242,0.8572696996986536,1.0,0.8845625272796419,0.831610679254076,0.9416682030420837,1.0,0.9752371245940308,0.910333352599481,0.8885078866822134,1.4142135623730951,0.9474226187285582,0.8364913296742091
in,relu,2025,BraTS20_Training_003.npy,0.722135002181044,2.449489742783178,0.627557972338909,0.8502772486085537,0.7066423659334423,4.69041575982343,0.750882036834299,0.6673255851309343,0.8556620058808513,1.0,0.9086057341273991,0.8085485283213163,0.9095668094365047,1.0,0.9313856849869051,0.888746800796044,0.7428716418625912,4.123105625617661,0.7857885728903317,0.7043998674613094
in,relu,2025,BraTS20_Training_004.npy,0.7667965516785945,4.358898943540674,0.6559595952970105,0.9227053126986284,0.9478222849394397,1.0,0.976534020683253,0.9207506729239198,0.8901870733807702,1.0,0.9469789489568368,0.8398215987003367,0.9397662826645973,1.0,0.9183424992995749,0.9622135217691402,0.9580518089634585,0.0,0.9744492840199186,0.9421970558541277
in,relu,2025,BraTS20_Training_005.npy,0.652639631498394,26.61390010261847,0.510931415061601,0.9031233409045879,0.4120045666188187,71.29516112612411,0.40623994788317797,0.41793514159838663,0.7795745600284488,25.059928172283335,0.7280559489883884,0.8389394991369546,0.8580486976420153,25.059928172283335,0.768572509830691,0.9711032427795395,0.7331699981254051,65.97726881282674,0.6779076349287404,0.7982418909983378
in,relu,2025,BraTS20_Training_006.npy,0.5486438783457681,5.656854249492381,0.3841807907666562,0.9593147739522424,0.9141775136939393,1.0,0.8762165546028787,0.9555766469563896,0.811151515011056,1.0,0.9389080409929816,0.7139982926734549,0.9219416929680935,1.0,0.8804779984631498,0.9675036200163208,0.9328072746051626,1.0,0.8930362396922797,0.9762857973575153
in,relu,2025,BraTS20_Training_007.npy,0.8543087401514124,13.581224710368739,0.8110653301616676,0.90242304878054,0.890776778805562,1.0,0.898439056493378,0.8832440900864424,0.8829500389508723,1.0,0.9038804986136053,0.8629669805255511,0.9272898956419632,1.0,0.9247671853879176,0.9298264061758796,0.926666666550543,1.0,0.9321098139682582,0.9212867214209536
in,relu,2025,BraTS20_Training_008.npy,0.28888888353909475,13.756760144483343,0.4968152549799201,0.20365534716304579,0.8127072738209281,1.4142135623730951,0.9168199529487701,0.7298290023751447,0.8187815257323184,10.05980148456912,0.8711808350852119,0.7723279592069696,0.7885787590998435,8.786323683179257,0.8983918062983055,0.7026872458394097,0.8231304231538543,1.4142135623730951,0.9289537419104285,0.7389515244900452
in,relu,2025,BraTS20_Training_009.npy,0.7346340678600839,9.957393215405977,0.7216832305088803,0.7480582124323203,0.8267099895468341,2.23606797749979,0.8449635515936538,0.8092284059229166,0.7204635587736038,4.242640687119285,0.5960197244462742,0.9105861869584336,0.8138559789299997,4.58257569495584,0.7152523701804093,0.943993492281972,0.905384659266842,1.0,0.8683825308689368,0.9456804844544087
in,relu,2025,BraTS20_Training_010.npy,0.6176713408945389,3.605551275463989,0.7178502741295533,0.542028977651754,0.8293335855996466,1.7320508075688772,0.8243072537897956,0.8344215908057401,0.8708523089859692,1.0,0.8271280691686574,0.919457322824219,0.8973125039628989,1.0,0.8664569618723807,0.9304467972816723,0.8562935862745749,1.4142135623730951,0.8472658987698771,0.865515726994958
in,relu,2025,BraTS20_Training_011.npy,0.5003849106999463,5.0990195135927845,0.35303063142943597,0.8588794880608907,0.8871499537425649,1.4142135623730951,0.9476625417484179,0.8339015267187542,0.7840830444400809,1.4142135623730951,0.9811222705557288,0.6529506677582404,0.9118166622526538,1.0,0.9202081517584966,0.9035768348754951,0.9085256357902919,1.0,0.959993203005703,0.8622958602502593
in,relu,2025,BraTS20_Training_012.npy,0.729038650685751,2.9656854249492692,0.7971391382872165,0.6716581421780199,0.8137175054888253,3.0,0.7892062675422884,0.8398000904862335,0.8374485589528048,1.0,0.8176795566420901,0.8581971518921154,0.9151954031269404,1.0,0.9234299505755678,0.9071064172415395,0.8793047954812834,1.4142135623730951,0.8618024665273012,0.897532770164088
in,relu,2025,BraTS20_Training_013.npy,0.8706382532946346,1.4142135623730951,0.7999237797256824,0.9550676817710526,0.8298083529312349,1.7320508075688772,0.8542950569568938,0.806686262044866,0.6999133761911727,1.4142135623730951,0.700173308491772,0.6996536350824997,0.8951330017191125,1.0,0.8427244576245446,0.9544923237321808,0.8993785875632043,1.0,0.9010768465221353,0.8976867177843902
in,relu,2025,BraTS20_Training_014.npy,0.5852093586010236,3.1622776601683795,0.5751250265545499,0.5956536419371089,0.8248883825043442,1.7320508075688772,0.933386411712658,0.7389875278423828,0.8402739795191618,1.0,0.9122370499252223,0.7788345479752645,0.8953891917105692,1.0,0.9405550178779276,0.8543623704621334,0.8884263918474428,1.0,0.9809629051685256,0.8118433221982433
in,relu,2025,BraTS20_Training_015.npy,0.2933359011042605,11.224972160321824,0.17556195945180178,0.891164418425018,0.9358593237844117,1.0,0.9493262707044581,0.9227691111742916,0.8748240385084872,1.0,0.8974672285075903,0.8532953096184038,0.7637762525945185,4.242640687119285,0.6233523784446725,0.9858638266208609,0.9485902471993645,1.0,0.935707615240551,0.9618325620293202
in,relu,2025,BraTS20_Training_016.npy,0.07457789320029466,12.727922061357855,0.038893444070124614,0.9038939444582109,0.8327571237265202,1.7320508075688772,0.9317774622551855,0.7527609379432528,0.6176456575156862,2.449489742783178,0.9949351538677499,0.4478256362654742,0.8199887702386315,3.1622776601683795,0.7109683071148024,0.9684992370288151,0.9180504497183853,1.0,0.9524386787247364,0.8860588928191941
in,relu,2025,BraTS20_Training_017.npy,0.6238998270357501,5.0,0.49037227144434137,0.8573566063407565,0.9103091348724056,1.0,0.9592779816141872,0.8660969565128982,0.8255619537893604,1.0,0.9592747144059941,0.7245652166037335,0.8811188807945827,1.0,0.8574498561193052,0.9061317177092114,0.9329949483511956,1.0,0.9725965268468775,0.8964921406770008
in,relu,2025,BraTS20_Training_018.npy,0.23260869438799622,12.810140987458665,0.6275659640009982,0.14276184027510447,0.7614661548738566,4.58257569495584,0.8190977621588852,0.7114113488440217,0.6363815906846108,13.74772708486752,0.950442472268776,0.4783254142567535,0.574532810988653,13.341664064126334,0.9739685610315886,0.4074378458856835,0.7675985040220253,4.242640687119285,0.8477898722421237,0.7012665872546073
in,relu,2025,BraTS20_Training_019.npy,0.6156156152304707,4.358898943540674,0.4583566233851718,0.9371428553578232,0.7757929272853267,2.23606797749979,0.7779784942890415,0.7736196053318423,0.8000358194680596,1.0,0.9104249455717671,0.713521283672613,0.9108512968028468,1.0,0.8493210683558081,0.9819931343300923,0.9079329949842926,1.0,0.8805169301823145,0.9371111972839445
in,relu,2025,BraTS20_Training_020.npy,0.7211891778750954,5.0,0.5756853264088354,0.965122980355626,0.7282089888784004,6.164414002968976,0.87351671557543,0.6243496894485948,0.7203877611632186,1.4142135623730951,0.7889556527485695,0.6627852960073131,0.8340421765420886,3.3166247903554,0.723042036373917,0.985304367915276,0.9029038139244198,1.4142135623730951,0.8790409451045903,0.9280984205421144
in,relu,2025,BraTS20_Training_021.npy,0.1601861078092851,10.373015080363395,0.09039759906077419,0.702623886220878,0.7665717909594026,3.0,0.7167270509741489,0.8238676147776259,0.6710887458015912,1.7320508075688772,0.9770229737694872,0.5110607899128012,0.8802858837060445,1.0,0.9125066133136239,0.8502629834808301,0.8101605421605194,2.23606797749979,0.7701448801426705,0.8545624225984999
in,relu,2025,BraTS20_Training_022.npy,0.8088030537575553,3.3166247903554,0.7251932983849926,0.9142044868370348,0.8878795481947453,1.0,0.9439982922163233,0.8380586937544567,0.8744555326475008,1.0,0.8704242352942076,0.878524344497577,0.9258784740214423,1.0,0.8845513591785908,0.9712565404016714,0.9475907666470685,1.0,0.9615226517276604,0.9340568444639898
in,relu,2025,BraTS20_Training_023.npy,0.8970612371555892,1.0,0.8292608881025029,0.9769354532863661,0.8410299590407219,1.4142135623730951,0.8042123995405296,0.8813803349210997,0.8643794608038777,1.0,0.8580963693351958,0.870755241352055,0.9435643269482359,1.0,0.9124728968889234,0.9768493061041785,0.9071812716346496,1.0,0.8716533324729097,0.9457284573516626
in,relu,2025,BraTS20_Training_024.npy,0.6083315882265736,10.295630140987,0.5659201546914895,0.6576148434994007,0.8055913392805518,2.23606797749979,0.8591787273246896,0.7582960518236558,0.8038959955590376,1.7320508075688772,0.6867207127071916,0.9692853312571699,0.8257331489053249,2.23606797749979,0.717668140644476,0.9721117590393473,0.8783021632832092,1.4142135623730951,0.8831171892380196,0.8735393584987126
in,relu,2025,BraTS20_Training_025.npy,0.9532627171562016,0.0,0.9357157522408525,0.9714803555778665,0.8429818949675649,1.4142135623730951,0.8839794128109999,0.8056186220888654,0.8956778899813663,1.0,0.9468249865503212,0.84977347567454,0.9637244978208431,0.0,0.9803570942099874,0.9476468583014307,0.9217737522546474,1.0,0.9520677586295644,0.8933481548485449
in,relu,2025,BraTS20_Training_026.npy,0.5277833903706675,6.48074069840786,0.5811159556989268,0.48341723387369173,0.8972993493969766,1.0,0.90518766096336,0.8895473363061863,0.6793548760519361,2.449489742783178,0.7410035475836275,0.6271762054026467,0.8255360367534706,2.23606797749979,0.9031879240102001,0.7601793590414456,0.9342735955215293,1.0,0.9580670277242671,0.9116333361274288
in,relu,2025,BraTS20_Training_027.npy,0.81720206132285,3.1622776601683795,0.9069686803340244,0.7436043199321544,0.5790615383089341,9.433981132056603,0.9742936823149524,0.41194987896190166,0.8363590596116292,1.0,0.7930190926055972,0.8847101105739799,0.9184545987608443,1.0,0.9214181714392562,0.9155100281833248,0.7001038213271162,7.3484692283495345,0.9966090503846163,0.539573195949702
in,relu,2025,BraTS20_Training_028.npy,0.7703876100882754,2.23606797749979,0.7492599673528471,0.7927413397333432,0.3513983983106659,5.744562646538029,0.5521517130704746,0.2577021274402535,0.6150363977396242,2.23606797749979,0.5434007128489885,0.7084272819779773,0.7836325311491996,2.0,0.719087634574438,0.8609070577603745,0.8412138003125639,2.0,0.9191815602504241,0.7754387407203432
in,relu,2025,BraTS20_Training_029.npy,0.809884861527984,1.4142135623730951,0.8517424639589931,0.7719486040045578,0.9208774165125384,1.0,0.9399712500791579,0.9025438533610762,0.8947368413016554,1.0,0.8737063657714325,0.916804710258044,0.9441306560434634,1.0,0.9381931282956545,0.9501438146142395,0.9332009330328163,1.0,0.9495597502927684,0.9173962221799283
in,relu,2025,BraTS20_Training_030.npy,0.3222003918722973,28.717585626969456,0.28146452928223953,0.3767228148796109,0.8486977202067408,1.7320508075688772,0.842938693287227,0.8545359806593568,0.8178131330386733,1.4142135623730951,0.8526589675513759,0.7857035804200456,0.8145628616688316,5.196152422706632,0.8187919452718856,0.8103772392400336,0.8594312445456168,1.4142135623730951,0.8544177009176237,0.8645039722077302
in,relu,2025,BraTS20_Training_031.npy,0.7433793892174875,3.605551275463989,0.780329353708522,0.7097705088501162,0.8499781148918535,1.4142135623730951,0.8795742350237653,0.8223088729427618,0.8552457476230553,1.0,0.8122372505884494,0.9030635569257413,0.8931359643558523,1.0,0.8689611616780826,0.9186943616770421,0.9175483112442213,1.0,0.929635537988755,0.905771369022589
in,relu,2025,BraTS20_Training_032.npy,0.7858591706854107,3.1622776601683795,0.6894623100426309,0.9135927220589646,0.6414592271925068,2.23606797749979,0.823925026654989,0.5251581162859044,0.7972633751059391,1.0,0.8469099646063892,0.7531151192550538,0.8903607746284221,1.0,0.8714859432751085,0.9100712953627277,0.8940283170104965,1.0,0.9686037732193948,0.8301154552472056
in,relu,2025,BraTS20_Training_033.npy,0.7288320366822938,5.656854249492381,0.6007668336918682,0.9262885628555542,0.9296482411585546,1.0,0.9262707982571342,0.9330504043082029,0.9128257719254265,1.0,0.9451558492440778,0.8826343108658727,0.9510775722216371,0.0,0.9159515496136515,0.9890051423173413,0.9504010678272133,0.0,0.9406622083721528,0.9603436934599695
in,relu,2025,BraTS20_Training_034.npy,0.8427573893939314,2.449489742783178,0.7809292139231675,0.9152175147299062,0.8675570507004623,1.4142135623730951,0.9188417616298528,0.8216945637243368,0.8258517075160179,1.4142135623730951,0.7903397458901598,0.864705091645526,0.9067917456180934,1.0,0.8552184059452664,0.9649844484386012,0.9423821899158,1.0,0.9443940898578845,0.9403788437931822
in,relu,2025,BraTS20_Training_035.npy,0.5423126995673119,6.708203932499369,0.3826943955638961,0.9303553290047154,0.7131012647190412,3.4641016151377544,0.8160783466723782,0.6332006567113311,0.7923674563229156,1.0,0.9310856479552033,0.6896235916934934,0.8601662719968984,2.0,0.8101974774290164,0.9167038277943286,0.8715932167747874,1.4142135623730951,0.8856264127956434,0.8579978097565388
in,relu,2025,BraTS20_Training_036.npy,0.618738947444084,5.385164807134504,0.8974358820951132,0.47212229791256927,0.7746997284120981,3.0,0.881225208372383,0.6911510536716635,0.8431259592519912,1.0,0.8504745286645855,0.83590329176489,0.8706348543955793,1.0,0.9173625592947764,0.8284367622491174,0.8646256216645933,1.4142135623730951,0.9554101450651578,0.7895969221220958
in,relu,2025,BraTS20_Training_037.npy,0.837589717444172,1.4142135623730951,0.8223533258796534,0.8534013595766424,0.8546048901065174,2.0,0.7578916002484408,0.9796114868144965,0.8606832574640257,1.0,0.8646637451389778,0.8567392496852679,0.9408501192939462,1.0,0.9368519458877903,0.9448825643130111,0.8813645957724301,1.7320508075688772,0.7938587700860759,0.9905515641966092
in,relu,2025,BraTS20_Training_038.npy,0.7741267018087,2.8284271247461903,0.7566550918627941,0.7924242416238139,0.8084421455484825,1.7320508075688772,0.7957349091628718,0.8215618163934568,0.7955017517161106,1.4142135623730951,0.7864758345627564,0.8047372439066401,0.8689111008421911,1.4142135623730951,0.8561192815083922,0.8820909794721468,0.9079481735329042,1.0,0.894020959636622,0.9223161751104125
in,relu,2025,BraTS20_Training_039.npy,0.9134025669201059,1.0,0.9019702827810557,0.925128373488275,0.8309240957696956,1.7320508075688772,0.9628445253653587,0.7307967913985352,0.8760238269262756,1.0,0.917277404555374,0.8383212192971917,0.9285476730209143,1.0,0.9542538642579378,0.9041901246055553,0.891036159144764,1.4142135623730951,0.989663085840807,0.8102854795663668
in,relu,2025,BraTS20_Training_040.npy,0.9361111849611568,1.0,0.9270354515099934,0.945366378800988,0.9153970146111886,1.0,0.9056086504390138,0.925399287819302,0.8871238002117111,1.0,0.8495748579319878,0.928145348149836,0.9563039308537506,0.0,0.9295882940120719,0.9846005772353592,0.9463097901317382,1.0,0.9309829408710247,0.9621497409303748
in,relu,2025,BraTS20_Training_041.npy,0.7179044318970863,4.242640687119285,0.6508350713704721,0.800385106545619,0.9264554835640433,1.0,0.9605151954023672,0.894728555092781,0.8194410389682268,1.7320508075688772,0.8748854850479185,0.770605186431579,0.8729367258971215,1.4142135623730951,0.8850344278871835,0.8611652948340554,0.9468952568250288,1.0,0.9781836198799202,0.9175464455708874
in,relu,2025,BraTS20_Training_042.npy,0.9403222493482342,1.0,0.9227089622745676,0.9586210499274843,0.9108501460398905,1.0,0.9526931131470254,0.8725280844017801,0.8747907166177804,1.0,0.8804375999997731,0.8692158062708765,0.9637141864337955,0.0,0.957621273416195,0.9698851285910469,0.9529726711126958,0.0,0.9683885889107826,0.9380398786813161
in,relu,2025,BraTS20_Training_043.npy,0.7016322603196925,2.8284271247461903,0.5751672558536655,0.8993846126172781,0.7659179372270974,3.605551275463989,0.7215960701404313,0.8160407865098959,0.529936304607354,4.242640687119285,0.4756097542850238,0.5982742061444188,0.7348566165198155,2.8284271247461903,0.6218531006723941,0.8980509728297396,0.8276850885141227,2.449489742783178,0.7634454565274398,0.9037287703900412
in,relu,2025,BraTS20_Training_044.npy,0.403189061467095,5.0990195135927845,0.4402984965099877,0.3718487316838502,0.649927081145797,11.40175425099138,0.5912551911679423,0.7215261152178474,0.7564341635343745,3.605551275463989,0.7181303065288223,0.799054367225734,0.7339140187302219,2.449489742783178,0.7199558945978176,0.7484240644789452,0.6969032219318813,9.797958971132712,0.6386945166377574,0.7667857809749948
in,relu,2025,BraTS20_Training_045.npy,0.8343997109838895,1.4142135623730951,0.7681851131173362,0.913105923940319,0.856061994285407,1.0,0.8483991487602098,0.8638645247638527,0.8986530287763628,1.0,0.9469689300306221,0.8550280986761483,0.9600878926864348,0.0,0.9739817388947175,0.9465848626585235,0.9470102907967645,1.0,0.9516793843717178,0.9423867881087181
in,relu,2025,BraTS20_Training_046.npy,0.09214092078495312,17.204650534085253,0.41717788851669396,0.05178979396961315,0.4500783892132027,17.029386365926403,0.31327896148604933,0.7989600111330306,0.7208088691428282,8.717797887081348,0.8142962357089445,0.6465769417988476,0.5711140454180669,10.344080432788601,0.853289468070464,0.42918596813637994,0.5143158926186736,16.522711641858304,0.37515821903715857,0.8175821535034887
in,relu,2025,BraTS20_Training_047.npy,0.8441626096530865,2.449489742783178,0.7768556783677119,0.9242388478781218,0.7966784691310018,2.23606797749979,0.7171678449730006,0.8960177382002629,0.8582695771632839,1.0,0.9079403765795006,0.8137515751816967,0.9336726835747147,1.0,0.9252803391502618,0.942218659358022,0.8995451311085711,1.4142135623730951,0.8480931564027666,0.9576432740755354
in,relu,2025,BraTS20_Training_048.npy,0.7995787967722752,2.0,0.8021126704076572,0.7970608761577266,0.5864376414493815,13.076696830622021,0.4317635191125132,0.9137931026980353,0.7130056999375354,2.0,0.6433120987588824,0.7996345870911414,0.8469075308528666,1.4142135623730951,0.7991909829552413,0.9006838134135987,0.6662171272946241,12.351096884941041,0.5068572794873774,0.9717395574246019
in,relu,2025,BraTS20_Training_049.npy,0.3368592324096076,5.385164807134504,0.20597014720427714,0.9241071016023615,0.9196972902325042,1.0,0.9054544731233845,0.9343953476935183,0.8612029880421377,1.0,0.9632776076643529,0.7786885228651119,0.9518739342505601,0.0,0.960464114824959,0.9434360469745968,0.9288311591813575,1.0,0.9163714963914098,0.9416343136961262
in,relu,2025,BraTS20_Training_050.npy,0.8476234630693339,1.4142135623730951,0.756967446956891,0.962948163404792,0.730558222215554,8.593577038783778,0.8585589935053523,0.6357722603033109,0.8533190083871814,1.0,0.9004016321498991,0.810915667334408,0.949727494757429,1.0,0.9202962332047991,0.9811033811711529,0.9437106356335447,1.0,0.9453015247445401,0.9421250921591877
in,relu,2025,BraTS20_Training_051.npy,0.8550320929453409,1.0,0.793436725571057,0.92699579588499,0.9242491555993021,1.0,0.930020381390361,0.9185491144738595,0.8884433958771842,1.0,0.8623426166636073,0.9161734893261666,0.9438822444301028,1.0,0.905947361908427,0.9851328743200565,0.939858781665493,1.0,0.9394258451147959,0.9402921173623563
in,relu,2025,BraTS20_Training_052.npy,0.8721675104004518,1.0,0.8198813575051567,0.9315767954828906,0.8608257516226919,1.0,0.9644923195832865,0.7772812035311938,0.8689583328807509,1.0,0.895256491848834,0.8441611001374609,0.95121211067426,0.0,0.9479201660184664,0.9545269989480802,0.915899610733822,1.0,0.9839283029630179,0.8566695726118854
in,relu,2025,BraTS20_Training_053.npy,0.7094894832085072,4.242640687119285,0.5961171487628664,0.8761126681183847,0.938798498578616,1.0,0.9559254059790715,0.9222745000214918,0.8411514958883962,1.0,0.8967763293257052,0.7920241801949842,0.8752021833615036,2.0,0.820188526919526,0.9381264555788447,0.9573819202514292,0.0,0.9636041868928702,0.951239495876163
in,relu,2025,BraTS20_Training_054.npy,0.8429406241664089,1.0,0.8783641544454005,0.810263521761077,0.7883705385926519,2.0,0.6927016042158507,0.914699587172462,0.9008405075542177,1.0,0.8602671169985808,0.9454305200009177,0.9428787773190777,1.0,0.9150010685883386,0.9725085907890975,0.9010817592389649,1.0,0.8304269015775452,0.9848776870296697
in,relu,2025,BraTS20_Training_055.npy,0.738447652763134,5.477225575051661,0.6288041797897261,0.8944031462737142,0.9264389195395438,1.0,0.954146861072555,0.9002948140833894,0.8499919948503165,1.0,0.9646317817773356,0.7597061902511627,0.9251819306733352,1.0,0.9344262288752024,0.9161187481462982,0.9399974013192431,1.0,0.965651639914783,0.9156709868270158
in,relu,2025,BraTS20_Training_056.npy,0.8168907398744615,3.3166247903554,0.7593287951662417,0.8838956414644235,0.6674418602710924,4.242640687119285,0.553413034827703,0.8406561212356063,0.8781654408980206,1.0,0.8692862512193963,0.8872278922919213,0.9274065758405838,1.0,0.9027023550327102,0.9535010009321858,0.8794112691738175,1.4142135623730951,0.8052636651296127,0.9685985294258682
in,relu,2025,BraTS20_Training_057.npy,0.7913950443425766,3.1622776601683795,0.7710384224482743,0.8128557053469845,0.9063541582735812,1.0,0.8648119171004831,0.9520888476741749,0.8696913885430597,1.0,0.9046789725941263,0.8373092619414257,0.9200581995759476,1.0,0.9408263892698296,0.9001870976163776,0.9293432987913078,1.0,0.8950216329469607,0.96640221743376
in,relu,2025,BraTS20_Training_058.npy,0.1192859525197815,13.638181696985855,0.06821217318430436,0.47476759312903327,0.6982209685040063,6.4031242374328485,0.674486051816424,0.7236872574648747,0.6628751537187371,5.0,0.7210793072136564,0.6133654569954787,0.4390188847945907,8.366600265340756,0.3394415355791498,0.6212734235293086,0.7211877082835008,5.744562646538029,0.6704956088707545,0.7801717546531558
in,relu,2025,BraTS20_Training_059.npy,0.4735632147619677,3.7416573867739413,0.34295227144337104,0.7648514662165479,0.7636222608399322,4.47213595499958,0.7431746694304153,0.7852268695563511,0.7883057386815577,1.0,0.9547781488500158,0.6712657428238408,0.886100383962113,1.0,0.8856729334989245,0.8865282429428862,0.7906719147119742,4.242640687119285,0.7711628980742484,0.8111936357761299
in,relu,2025,BraTS20_Training_060.npy,0.9061741706912444,1.0,0.9154047276852573,0.8971279089808201,0.86641819146464,1.0,0.8290115141550142,0.907360116078613,0.8358217523728546,1.0,0.9000123664976426,0.7801779584154278,0.9416835839509324,1.0,0.9806545030464365,0.9056916655328736,0.9343865740200008,1.0,0.9253154835208871,0.9436372773668209
in,relu,2025,BraTS20_Training_061.npy,0.8220400869739186,2.449489742783178,0.7364059308862956,0.9302112012300988,0.6282706763768067,25.337718918639855,0.8395177483730506,0.5019623544237386,0.7968510514164338,1.0,0.8755358222970977,0.7311429292621543,0.9205682794465014,1.0,0.9156599545744519,0.9255295086111935,0.8585154522361473,15.556349186104045,0.9588023947502743,0.7772211864021353
in,relu,2025,BraTS20_Training_062.npy,0.8936927221310801,1.0,0.828568572156853,0.9699274508717953,0.9084815313641843,1.0,0.9196998530890436,0.8975335893598865,0.8928731375372655,1.0,0.9921043024940768,0.8116874302278078,0.9591683799013154,0.0,0.9953540306284313,0.9255214608462924,0.9530811287210368,0.0,0.9733860638556159,0.9336060096156475
in,relu,2025,BraTS20_Training_063.npy,0.4853932562454235,2.449489742783178,0.7040417118117117,0.37037036783010724,0.8176478619416073,1.4142135623730951,0.8930773812481825,0.7539675869057288,0.7251327008420663,2.23606797749979,0.6969831379903143,0.755651752017067,0.78835010553774,1.7320508075688772,0.8556769253370509,0.7308453470996739,0.882577749418822,1.0,0.9626003816729634,0.8148387926875316
in,relu,2025,BraTS20_Training_064.npy,0.84440793093517,2.449489742783178,0.7720006276155241,0.9318034204016552,0.5282532237917342,8.54400374531753,0.7083123738001054,0.42118447602587883,0.7785886636006412,1.4142135623730951,0.7447748511059827,0.815618893770549,0.9155231847869622,1.0,0.8541377281157615,0.9864152032680952,0.8545860363767191,2.449489742783178,0.8551479412560509,0.8540248693620011
in,relu,2025,BraTS20_Training_065.npy,0.6929611608436823,4.0,0.5587084094059843,0.9121405605089368,0.7361838768264353,5.0,0.9294011659336204,0.6094770223837208,0.8695511248265255,1.0,0.9606158218381101,0.7942569544278953,0.9146949726119773,1.0,0.937352553244161,0.8931068908763564,0.7765588156967909,3.7416573867739413,0.9520998952252069,0.6556710720965351
in,relu,2025,BraTS20_Training_066.npy,0.875297367143506,1.4142135623730951,0.8391700988240581,0.9146752190622691,0.9066267852779369,1.0,0.8939005987623106,0.9197205624218561,0.8113807526854222,1.0,0.8392383140920504,0.785313174097934,0.9061248220357524,1.0,0.9071211429356956,0.9051306867343462,0.9399208271388663,1.0,0.9304427138944913,0.9495940283491192
in,relu,2025,BraTS20_Training_067.npy,0.7662589784671622,3.0,0.6318232746663812,0.9733662133497334,0.9306462461911733,1.0,0.9109446911448901,0.9512188345091716,0.8679311968135541,1.0,0.9947787725639021,0.7697746505625807,0.9598221773528179,0.0,0.988994842848378,0.932321229479829,0.9586703550006324,0.0,0.9539899352115325,0.9633969268339768
in,relu,2025,BraTS20_Training_068.npy,0.8286384974153673,4.123105625617661,0.7302956904176529,0.9575889897065046,0.8014756216624561,2.23606797749979,0.8922855445455646,0.7274421813160366,0.8370600551114437,1.0,0.8787943256178764,0.7991100214116407,0.9045213671163467,1.0,0.8605460225070622,0.9532331806161878,0.9338660928458355,1.0,0.9505353168537027,0.9177714380067509
in,relu,2025,BraTS20_Training_069.npy,0.8237802129338596,2.449489742783178,0.7108508650062956,0.9793674584283805,0.7093493444068666,12.767145334803704,0.5856742993469738,0.8992388545410812,0.8200064270589247,1.0,0.8978312322322108,0.7545972681177561,0.9244528680480272,1.0,0.8936986455685251,0.9573991716125136,0.7884873840808021,10.44030650891055,0.676320982625076,0.9452561055785925
in,relu,2025,BraTS20_Training_070.npy,0.6378569323998066,5.385164807134504,0.48059264495382487,0.9481053636579108,0.6539522705359072,4.123105625617661,0.7237874461823344,0.5964074493639909,0.7309469666504266,1.4142135623730951,0.7819979590504607,0.6861529982192708,0.8068456462200592,3.0,0.7001076912372873,0.9519845853749578,0.8948066118174778,1.0,0.8595758687307987,0.9330487275622874
in,relu,2025,BraTS20_Training_071.npy,0.1957236840093301,20.346989949375804,0.1593038819288757,0.2537313426073258,0.8970085717270572,1.0,0.9314819269161995,0.8649958111655267,0.8220489184588582,3.0,0.7379474934463425,0.9277855561834512,0.6690611838403947,15.620499351813308,0.5825514932694104,0.7857454539740033,0.931233633198578,1.0,0.9479091064417263,0.9151347218985201
in,relu,2025,BraTS20_Training_072.npy,0.7426306382633817,3.0,0.6271570008230486,0.9102230725191965,0.5872927474487506,6.0,0.8562434116246707,0.4469144980748082,0.8932405929974688,1.0,0.9036051720082192,0.8831110860673126,0.9461319276789165,1.0,0.9203733728646362,0.9733738092430714,0.7832815393381214,3.605551275463989,0.9271727416828084,0.6780522267802458
in,relu,2025,BraTS20_Training_073.npy,0.8779213631578765,1.0,0.8550006682889267,0.9021048157902178,0.8625774106342934,1.0,0.8481333813526156,0.8775219377193723,0.8358445673614356,1.0,0.8356236777636113,0.8360655728862342,0.9484505271647937,1.0,0.9373855508669233,0.9597798470063023,0.9240187415583831,1.0,0.9103304205147621,0.9381249997828414
in,leaky_relu,2025,BraTS20_Training_001.npy,0.868452643941223,1.0,0.890047270031699,0.8478810678873104,0.8886719633553992,1.4142135623730951,0.8189909918009752,0.971312691592265,0.8875877416730718,1.0,0.9343955010689945,0.8452458586000894,0.9413528156709281,1.0,0.9816139861105443,0.9042641692646464,0.9246291038678185,1.0,0.8750574554275845,0.9801544544475914
in,leaky_relu,2025,BraTS20_Training_002.npy,0.9358246186443948,1.0,0.9623362434908993,0.9107345790776583,0.848312358175985,1.4142135623730951,0.9296839969336054,0.7800386010697048,0.8588882094846608,1.0,0.858757060835613,0.8590193968855668,0.9469234379373968,1.0,0.9625055694426726,0.9318377906250229,0.8907113665657193,1.0,0.9595558605259893,0.8310842251136078
in,leaky_relu,2025,BraTS20_Training_003.npy,0.7127659520306538,2.289423418820637,0.6398362804933659,0.8044596774535219,0.7056838305366919,4.242640687119285,0.8099018251227559,0.625229439094905,0.8595301894063847,1.0,0.909272845532779,0.8149476806728021,0.9116072582431032,1.0,0.9356740795077081,0.8887474519125573,0.7399760045117272,3.7416573867739413,0.8380246248069163,0.6624675116261424
in,leaky_relu,2025,BraTS20_Training_004.npy,0.7706411299949544,4.123105625617661,0.6665656558923579,0.9132300015039718,0.9435860967171666,1.0,0.9747460045497739,0.9143566672412163,0.8863303468043975,1.0,0.9346935836376942,0.8427257411305055,0.9311791405608116,1.0,0.9086023758727897,0.9549064591621486,0.9545263932579944,0.0,0.9724798365074631,0.9372238289409873
in,leaky_relu,2025,BraTS20_Training_005.npy,0.6323010571691473,29.427877939124322,0.4830787646508572,0.9149177486391507,0.47622017739262423,71.47027354082255,0.4911547113361938,0.46216706951851233,0.7767794691037933,3.1622776601683795,0.7317048441803113,0.8277720435411398,0.8577820925924344,3.0,0.7694055276263495,0.9690957640508434,0.7679036010494581,66.04770993732949,0.721824640518033,0.8202667910014821
in,leaky_relu,2025,BraTS20_Training_006.npy,0.5862341498277606,5.0990195135927845,0.430286521171163,0.9194782786251178,0.918623720757969,1.0,0.8917438786585004,0.9471744055207396,0.8141478196986585,1.0,0.9314920223957781,0.7230606463817218,0.9269702031784356,1.0,0.8922269374821918,0.9645289030365265,0.9383156454956183,1.0,0.908375362368184,0.9702968774471226
in,leaky_relu,2025,BraTS20_Training_007.npy,0.8505115271789411,14.401227802191041,0.8195997621553862,0.8838463951639276,0.8759911194297508,1.0,0.9173032212164387,0.8382397569534932,0.8798711748149186,1.0,0.887157004567045,0.8727040394941639,0.9281459218049735,1.0,0.921104948288056,0.9352953666220831,0.9137500151271196,1.0,0.9447903796745933,0.8846843867417297
in,leaky_relu,2025,BraTS20_Training_008.npy,0.33333332572298346,3.7416573867739413,0.464968123250438,0.2597864676232574,0.8078448298028211,1.4142135623730951,0.9336243177136011,0.7119321016779754,0.8459869811453926,1.0,0.8051197291071864,0.8912248547420032,0.8559970803645749,1.0,0.8581871282296263,0.8538181756085951,0.8182775977395874,1.4142135623730951,0.9405555718863272,0.7241355493521489
in,leaky_relu,2025,BraTS20_Training_009.npy,0.7208088713555103,8.246211251235321,0.74085029155196,0.7018232082859511,0.8404395343951748,1.7320508075688772,0.8764252885661853,0.807292357154343,0.7585842091075891,2.449489742783178,0.6480029860615699,0.9146723604684638,0.847689166198291,3.0,0.7730437860428493,0.9382908620595777,0.91591091871508,1.0,0.9024481609456975,0.9297814353105814
in,leaky_relu,2025,BraTS20_Training_010.npy,0.595776767754323,3.1622776601683795,0.7581573750833518,0.4906832237182208,0.7933844963063377,2.23606797749979,0.8960679439632144,0.7118151926402033,0.8805360849722437,1.0,0.8830526790003821,0.8780337928140802,0.9016702768176181,1.0,0.9223620232737175,0.881886533312527,0.8257925452116037,2.23606797749979,0.9187574939664809,0.7499122854227998
in,leaky_relu,2025,BraTS20_Training_011.npy,0.4859611223604426,5.0,0.3421681504623764,0.8382118103341575,0.8708478337225553,1.7320508075688772,0.9489069945411004,0.8046551447904079,0.7669091883812253,1.4142135623730951,0.9857984049431965,0.6275633951184527,0.9142830343644927,1.0,0.9394815448207753,0.8904009490452087,0.895189199055959,1.4142135623730951,0.9645432917410143,0.8351396856725778
in,leaky_relu,2025,BraTS20_Training_012.npy,0.7682875248027748,3.1622776601683795,0.7876029441369616,0.7498968190264266,0.8028405479619655,5.385164807134504,0.755433157954215,0.8565964653320762,0.8454363169336272,1.0,0.8118198546596018,0.8819570736959675,0.9245108320939999,1.0,0.9044685979414631,0.9454614304438058,0.871476682503861,2.449489742783178,0.8285227592730442,0.9191279392080319
in,leaky_relu,2025,BraTS20_Training_013.npy,0.8823620338628526,1.0,0.815739328491102,0.9608349220504602,0.8421480387643134,1.4142135623730951,0.8796692237203908,0.8076967490017619,0.7185882344487198,1.4142135623730951,0.7561277525225854,0.6845998639663756,0.9123159060764984,1.0,0.8758169928614951,0.9519892305175073,0.9039629459873487,1.0,0.9202615505469989,0.8882316182278209
in,leaky_relu,2025,BraTS20_Training_014.npy,0.5852750349307334,3.3166247903554,0.563926940026172,0.6083030366971935,0.8076374480673271,2.23606797749979,0.9445708217802982,0.7053793883486156,0.8356034707242693,1.0,0.8984958149182901,0.7809397420716899,0.8953815799667506,1.0,0.9285395428433377,0.8645100956379628,0.8741424639612083,1.4142135623730951,0.9832483611292603,0.7868318711337381
in,leaky_relu,2025,BraTS20_Training_015.npy,0.31340206156194744,10.749393670491544,0.1927377519392072,0.8380952338942594,0.9316590781879687,1.0,0.9621689433173339,0.9030246471329497,0.8749865860741568,1.0,0.9057987103912478,0.8462017425838504,0.7777398659827556,4.123105625617661,0.6447360973894122,0.9798813507180111,0.9496851845585556,1.0,0.9534828034070987,0.9459176966366099
in,leaky_relu,2025,BraTS20_Training_016.npy,0.11262878809523483,11.489125293076057,0.059819614252675624,0.9610538318381797,0.8277901266049217,1.7320508075688772,0.9315215113977799,0.744846319793774,0.6177317623187595,2.449489742783178,0.9958560348431771,0.44772978179418654,0.8278003675113073,3.0,0.7235042109139028,0.9672307188521866,0.9125996184559944,1.0,0.9527929090216322,0.8756601507042338
in,leaky_relu,2025,BraTS20_Training_017.npy,0.6324666192617124,4.58257569495584,0.513478818266326,0.8232334762789082,0.9030476410462495,1.0,0.9607557967932869,0.8518791987300194,0.8282108940353505,1.0,0.9539502072903293,0.7317584714297842,0.8777015183711662,1.4142135623730951,0.8611031512456281,0.8949523519245441,0.9268764576134938,1.0,0.9753076464684585,0.8830276484274999
in,leaky_relu,2025,BraTS20_Training_018.npy,0.18103448197829963,15.6540714074415,0.6158357590664001,0.10611419855424861,0.7341780032236322,5.0990195135927845,0.8466196001324351,0.6481020077956723,0.5954870655008493,15.556349186104045,0.9575221182447072,0.4321086250476341,0.5101016593615987,15.0996688705415,0.973477401898441,0.34559720951072853,0.7435375455402787,4.58257569495584,0.8835033429443637,0.6418541420378563
in,leaky_relu,2025,BraTS20_Training_019.npy,0.6356579667284041,4.123105625617661,0.4844419596753848,0.9241158682706312,0.7826141388901982,2.23606797749979,0.806580644814374,0.7600308013455335,0.7951177765188858,1.0,0.8995210425970437,0.71242937795607,0.9177471214298965,1.0,0.8612449501819025,0.9821834928222326,0.9061603920883636,1.0,0.894718816152997,0.9178983858616807
in,leaky_relu,2025,BraTS20_Training_020.npy,0.7100963434059598,5.0,0.5590622781495007,0.9729427202074759,0.7150639660640409,7.0710678118654755,0.8949374174336812,0.5953954482474111,0.7224977639283685,1.4142135623730951,0.8189257931879951,0.6463861729962795,0.8345692844833051,3.1622776601683795,0.7238689546964809,0.9852408798634037,0.9046644605027928,1.0,0.8961139745817969,0.91337969133836
in,leaky_relu,2025,BraTS20_Training_021.npy,0.17294365720715982,17.152250432942544,0.10765191257444894,0.43950994732756593,0.7643644707780738,3.0,0.7368302924951649,0.794036348284833,0.6667416734172573,1.7320508075688772,0.9866799833943389,0.5034834315998582,0.868190381856156,1.0,0.9347327554511682,0.8104925041136548,0.801819237357707,2.8284271247461903,0.7868305386112022,0.8173900786873195
in,leaky_relu,2025,BraTS20_Training_022.npy,0.813383226584467,3.0,0.7440399478543492,0.8969802884775413,0.8955840383398107,1.0,0.9544836047718888,0.8435311591701371,0.87632298381931,1.0,0.8883705609525435,0.8645977989185997,0.9321800930416406,1.0,0.9075953908974131,0.9581337648743552,0.9469437476928024,1.0,0.969978566462612,0.9249776009456577
in,leaky_relu,2025,BraTS20_Training_023.npy,0.899589826989672,1.0,0.8321444819666953,0.9789323317640916,0.8584114665678604,1.0,0.8438784587685391,0.8734538113547443,0.8711413714536774,1.0,0.8656852876788103,0.8766666658549382,0.9495681902468334,1.0,0.9190916347603038,0.982135235057536,0.9199970119120543,1.0,0.8984753055714623,0.9425750654499923
in,leaky_relu,2025,BraTS20_Training_024.npy,0.6731296094066074,5.830951894845301,0.6220058410477004,0.7334098720243172,0.8172160735596639,1.7320508075688772,0.8790107863054665,0.7635390567115563,0.8266179595369342,1.4142135623730951,0.7187692596032953,0.972544742464209,0.8499523518907666,1.4142135623730951,0.7481317672913941,0.9838547929282718,0.875709134355162,1.4142135623730951,0.8890120253608804,0.8627984941287689
in,leaky_relu,2025,BraTS20_Training_025.npy,0.9536215959209966,0.0,0.9359211332224681,0.9720044787649952,0.8243798759339238,1.7320508075688772,0.8866349099631419,0.7702937327220135,0.8956021703259625,1.0,0.9514713468987144,0.8459302321267186,0.9636242857760563,0.0,0.9825787745583519,0.9453872420047997,0.9130347171523544,1.0,0.9563571495354716,0.8734671540838411
in,leaky_relu,2025,BraTS20_Training_026.npy,0.5948649249408954,5.385164807134504,0.5927738715023816,0.5969707827594813,0.897131617623754,1.0,0.9067613675296455,0.8877042530394972,0.7136280826825935,2.23606797749979,0.7693444835405708,0.6654367439939222,0.8478024071608569,1.4142135623730951,0.8917308736311027,0.8079987540401238,0.9340943017829949,1.0,0.951625280722841,0.9171975553428715
in,leaky_relu,2025,BraTS20_Training_027.npy,0.8227954279003904,3.1622776601683795,0.9068531134787321,0.7529987517963739,0.5847205491353991,8.306623862918075,0.9770583240021684,0.4171956383989815,0.8317795144452461,1.0,0.7905131260199803,0.877591573903695,0.9159843708319129,1.0,0.9178766769299663,0.9140998507272906,0.702183461605187,6.4031242374328485,0.9942383865991119,0.5427515991987196
in,leaky_relu,2025,BraTS20_Training_028.npy,0.7114474921565779,4.58257569495584,0.5892390726288715,0.8976127297145551,0.3264595460436044,6.164414002968976,0.5470459508624254,0.2326483131193111,0.5490767088827343,3.0,0.44838395800628694,0.7080914975962931,0.6741125819697374,3.0,0.5534880615222836,0.861965100891187,0.8277016811637632,2.23606797749979,0.8690301783040189,0.7901256489854257
in,leaky_relu,2025,BraTS20_Training_029.npy,0.7498176495263369,3.7416573867739413,0.9108092090324323,0.6371900800116111,0.9173765869075282,1.0,0.9591498806413832,0.8790900902439728,0.8810474501986745,1.0,0.8321347117485798,0.9360694535594526,0.9414057244043773,1.0,0.9473897742123482,0.935496793622467,0.9310251846340918,1.0,0.9690943207055068,0.8958339509420558
in,leaky_relu,2025,BraTS20_Training_030.npy,0.2817594577614289,30.878794251913632,0.26201372847818233,0.30472388353477126,0.8434057709540662,1.4142135623730951,0.9089149405186987,0.7867047809415596,0.7972240289183662,1.4142135623730951,0.8967311743426066,0.717595001668929,0.7898618585870628,5.0990195135927845,0.8543750780620805,0.734407313884394,0.8548603231567536,1.4142135623730951,0.9215313219459093,0.7971855024820884
in,leaky_relu,2025,BraTS20_Training_031.npy,0.7647663820417526,3.0,0.7863725626433411,0.7443157432513717,0.8565327085189645,1.0,0.8969936020350286,0.8195644300485292,0.8683230106384938,1.0,0.8360445984116046,0.9031939571984036,0.9050634044975044,1.0,0.8851699817965933,0.9258715592932582,0.9121529630659706,1.0,0.9331574425164857,0.8920732493117237
in,leaky_relu,2025,BraTS20_Training_032.npy,0.7976410396492533,3.7416573867739413,0.7134867157576119,0.9043015935165111,0.615271418976753,2.449489742783178,0.8297684665603435,0.48889177569904396,0.7956521735199347,1.0,0.8419951889135259,0.7541444218842892,0.8955528353163277,1.0,0.8815261039119184,0.9100331669568626,0.8771308991668428,1.0,0.9727547166140549,0.7986244498424238
in,leaky_relu,2025,BraTS20_Training_033.npy,0.7378271877724267,5.0,0.6282051274524262,0.8937947478796544,0.9334830709921903,1.0,0.9389406196571576,0.9280885990979049,0.9109320356056159,1.0,0.9355987251323639,0.8875325901353801,0.9522474890221782,0.0,0.9207144319767134,0.9860170605109414,0.9538598555024244,0.0,0.952055129591253,0.9556714364455555
in,leaky_relu,2025,BraTS20_Training_034.npy,0.867428175624925,1.4142135623730951,0.8534176595215677,0.8819063893811742,0.8673110364310964,1.0,0.9206662657936235,0.8198012230849003,0.8359172848542827,1.0,0.8000409329512727,0.8751623154635909,0.9209370591428708,1.0,0.892675336024747,0.9510467978043181,0.9421815309218298,1.0,0.9574656284103976,0.9273777287900472
in,leaky_relu,2025,BraTS20_Training_035.npy,0.5478055963040337,7.03908729652596,0.38833208035232103,0.9295281877953537,0.726030388954162,3.1622776601683795,0.8347682591351814,0.6423563184888322,0.7994662668300524,1.0,0.901368394649506,0.7182645250046755,0.8470206069494332,2.23606797749979,0.778874875377764,0.9282341596182456,0.8769123008570963,1.4142135623730951,0.880329635550138,0.8735213948284986
in,leaky_relu,2025,BraTS20_Training_036.npy,0.6482412019582839,4.358898943540674,0.8820512669734827,0.5124131031537924,0.7739592061218408,3.1622776601683795,0.9156015855932111,0.6702693977494197,0.8486032419919874,1.0,0.8413712941286631,0.8559605894463831,0.8852070998434429,1.0,0.9109255377332541,0.8609010179860227,0.8616382413939351,1.4142135623730951,0.9678899076039599,0.7764069259867928
in,leaky_relu,2025,BraTS20_Training_037.npy,0.837129718299043,1.0,0.8552387186111234,0.8197717029848448,0.8675831926894282,1.7320508075688772,0.7787992972345227,0.9792146363162986,0.8420506790050643,1.0,0.8469990953146956,0.8371597464688206,0.9381259314833135,1.0,0.9493880669091501,0.9271278578548666,0.8927700935202257,1.4142135623730951,0.8144198113532903,0.9878002311854339
in,leaky_relu,2025,BraTS20_Training_038.npy,0.7738012158439831,3.605551275463989,0.7486496906359474,0.8007014639976259,0.7998426022385586,2.0,0.8141232175420325,0.7860543456360012,0.7784374050399884,1.7320508075688772,0.7452395765421118,0.8147308264253568,0.8509423702955565,1.7320508075688772,0.8172482810265285,0.8875342592421843,0.9067096402120598,1.0,0.9030888029891794,0.9103596289270778
in,leaky_relu,2025,BraTS20_Training_039.npy,0.9094633339537376,1.0,0.8963178280098226,0.9230001647713285,0.8307680204485449,1.7320508075688772,0.9649154862296586,0.7293676187920146,0.8706572413631158,1.0,0.9026976447039625,0.8408133617713773,0.9246668897902973,1.0,0.9432642754531159,0.9067886564692975,0.8922007385711752,1.0,0.9900102210113184,0.8119800068311694
in,leaky_relu,2025,BraTS20_Training_040.npy,0.9375465472556797,1.0,0.931156548353592,0.9440248535304383,0.9206851005282959,1.0,0.9288405875234732,0.9126715819448284,0.8907259104256595,1.0,0.8622874287836415,0.9211041848080569,0.9591899865601573,0.0,0.9391877720964635,0.9800627292226742,0.9497581664949118,1.0,0.9491648942584319,0.9503521807700065
in,leaky_relu,2025,BraTS20_Training_041.npy,0.70748885912392,4.242640687119285,0.6422233803699807,0.787519997479936,0.916048861921382,1.0,0.9544640139017504,0.8806063251075095,0.7837036203572088,2.8284271247461903,0.9163722013920008,0.6845913172813929,0.8505598965396923,2.23606797749979,0.9202475368951037,0.7906837408891757,0.9420573619327228,1.0,0.9876831597667327,0.9004607817932468
in,leaky_relu,2025,BraTS20_Training_042.npy,0.9437634076658076,1.0,0.93036253729589,0.9575559696530079,0.9204583807325,1.0,0.9675947823992719,0.8777011491562602,0.8735406548007179,1.0,0.876756363935938,0.8703484477480321,0.9634528455717777,0.0,0.9582598919564053,0.9687023883876816,0.9589909415337895,0.0,0.9771897410603293,0.9414576032317508
in,leaky_relu,2025,BraTS20_Training_043.npy,0.6753840285954247,4.0,0.5234159769314916,0.9516994599223633,0.7964721843858461,3.0,0.7307135885574425,0.8752367516118329,0.48756905965108416,4.47213595499958,0.40358231553512836,0.6156976708389671,0.7017429009886729,3.1622776601683795,0.5564495191325597,0.949723142968498,0.8157401997010529,2.449489742783178,0.727484036247967,0.9283668595539152
in,leaky_relu,2025,BraTS20_Training_044.npy,0.23895253291403384,4.358898943540674,0.18159203528378023,0.3492822799386469,0.7166152487978212,6.4031242374328485,0.7034494689066397,0.73028325005672,0.7520401734085368,1.4142135623730951,0.8484419203368136,0.6753100300151633,0.7690281781168602,1.7320508075688772,0.8048511532257379,0.7362581909417136,0.7589342353671669,5.477225575051661,0.749660574021065,0.7684402094163151
in,leaky_relu,2025,BraTS20_Training_045.npy,0.8443052534691597,1.0,0.7980908646700756,0.8962008135032559,0.850764979679327,1.0,0.8627730784954664,0.8390865503812549,0.8998579975362156,1.0,0.9379364434424813,0.8647507520901465,0.9597748162941658,0.0,0.972893929493385,0.9470048081120996,0.9453707708894974,1.0,0.9584645626668853,0.9326299117707267
in,leaky_relu,2025,BraTS20_Training_046.npy,0.060918946510485565,16.834471676235395,0.36196316797771977,0.03325817343146464,0.5411880022463854,16.295697804909782,0.39638734122210456,0.852668642912856,0.7752276838789519,1.4142135623730951,0.7840825292256262,0.7665705996644769,0.532678341450922,9.692774267140663,0.8203947314447715,0.394370650239182,0.6069812539310886,15.748015748023622,0.46508172349758353,0.8734883716416081
in,leaky_relu,2025,BraTS20_Training_047.npy,0.8258872500043264,3.1622776601683795,0.7609522232564219,0.9029385221456556,0.8094616412015958,2.23606797749979,0.743845301879228,0.8877742945204143,0.8568153054631407,1.0,0.8991594009877318,0.8182800589187008,0.9212768207291128,1.0,0.9094881597356476,0.9333751008303999,0.9006609919277878,1.4142135623730951,0.8564968344244426,0.9496273021234057
in,leaky_relu,2025,BraTS20_Training_048.npy,0.8078889671004785,2.23606797749979,0.7788732339515969,0.8391502212507571,0.595522813780311,10.770329614269007,0.44530219549798195,0.8986925539037872,0.6744744724490256,1.7320508075688772,0.5502204774609482,0.8712179916895424,0.8269611060860892,1.4142135623730951,0.7249349877927334,0.9624088954261262,0.6691768079362654,10.198039027185569,0.5105851771570213,0.9706762022297294
in,leaky_relu,2025,BraTS20_Training_049.npy,0.36405886627375006,5.385164807134504,0.23383084344446922,0.8216782929483115,0.9186742502289316,1.0,0.9181729794404307,0.9191760684651247,0.8547747737480184,1.0,0.9750616580568329,0.760906756285486,0.9463394332920764,1.0,0.9776536291842424,0.9169689622793854,0.9286601001342292,1.0,0.930793962012825,0.9265359995431713
in,leaky_relu,2025,BraTS20_Training_050.npy,0.8418857572316957,2.0,0.7493432322246306,0.9605065696861365,0.6877898469644901,10.0,0.8904738870966523,0.560265706323074,0.8504623069886118,1.0,0.9041912285728473,0.802760603651255,0.9475115242638088,1.0,0.9202051778735233,0.9764880183946649,0.9345799061363999,1.0,0.9555566906393761,0.9145043205061901
in,leaky_relu,2025,BraTS20_Training_051.npy,0.8525361882399245,1.0,0.8141155297502461,0.8947628436394198,0.9214577529748628,1.0,0.9540936008927382,0.8909807511948771,0.8895094989224287,1.0,0.8628004571821439,0.9179249870775086,0.9452240563251108,1.0,0.9132391472523419,0.9795307338509528,0.9376544199848527,1.0,0.9614872089362929,0.9149745596152662
in,leaky_relu,2025,BraTS20_Training_052.npy,0.8698418811513288,1.0,0.8108934013825393,0.938032853112845,0.8309111329037624,1.4142135623730951,0.9739876317678087,0.7244858590603063,0.8677467773343617,1.0,0.8995492585323576,0.8381161875431296,0.9513320531638099,0.0,0.9490625623620305,0.9536124233939146,0.8941019523482412,1.0,0.9899113801156783,0.8152019294503469
in,leaky_relu,2025,BraTS20_Training_053.npy,0.7063087770835086,5.0990195135927845,0.5981913211663559,0.8621308132702011,0.9379872555287303,1.0,0.961652295892388,0.9154589740149764,0.8388640060877117,1.0,0.9098034876244165,0.778186968103695,0.8736022362036735,2.0,0.8289517309322383,0.9233366744455566,0.9579885358395025,0.0,0.9715679145479287,0.9447835163691872
in,leaky_relu,2025,BraTS20_Training_054.npy,0.8409009647186979,1.0,0.8840775809892083,0.8017452947890029,0.8290137151032405,1.4142135623730951,0.7724037488495915,0.8945779032852033,0.9026083118260545,1.0,0.864199135325058,0.9445904663832526,0.9454685098549664,1.0,0.921013253281046,0.9712578897172965,0.9198108249527187,1.0,0.87525470330955,0.9691466536135169
in,leaky_relu,2025,BraTS20_Training_055.npy,0.7575507199508393,5.0990195135927845,0.634183829335715,0.9405060384305767,0.9333039510318029,1.0,0.9545054088515709,0.913023880127287,0.8482236699347153,1.0,0.977470929048606,0.7491644998615258,0.932522308434704,1.0,0.9450616441233832,0.920311365577999,0.944910012677278,1.0,0.9652245100495449,0.925432983454873
in,leaky_relu,2025,BraTS20_Training_056.npy,0.809637083983143,3.7416573867739413,0.7788077906843373,0.843007746928734,0.7034706489069354,4.123105625617661,0.6062957960825801,0.837740624233837,0.8806599119338608,1.0,0.869242001473852,0.8923817740006442,0.9250741716647148,1.0,0.9067189354754928,0.9441879137575494,0.8904137901605541,1.4142135623730951,0.8306179502881291,0.9594868480457277
in,leaky_relu,2025,BraTS20_Training_057.npy,0.7763389276157652,4.123105625617661,0.7710384224482743,0.781712811391781,0.9038778189748561,1.0,0.8624203334398834,0.9495223954523204,0.8637756834693066,1.0,0.8834320203373598,0.8449750129428373,0.9106522008500598,1.0,0.9241625566024804,0.8975311692696465,0.9284679088492945,1.0,0.8932179569891648,0.9666143767777587
in,leaky_relu,2025,BraTS20_Training_058.npy,0.23441396492928895,12.68857754044952,0.16590345338112628,0.39931113570766674,0.6485414428072405,9.848857801796104,0.5822586736386096,0.731853710518684,0.6082706279450314,9.539392014169456,0.7049791283467813,0.534894242127707,0.4628447309738548,8.48528137423857,0.40907504339204476,0.5328887537641037,0.6960372361146665,8.717797887081348,0.6230700159191574,0.7883616209506946
in,leaky_relu,2025,BraTS20_Training_059.npy,0.41465315343216563,4.0,0.295227521695588,0.696335060305365,0.7284647757696286,4.898979485566356,0.7222478503995605,0.7347896575071297,0.8054431746765606,1.0,0.9343003333250826,0.7078215855990848,0.8720639658369216,1.0,0.8417752009562218,0.9046137848387051,0.7580774104010768,4.58257569495584,0.7500192913226255,0.7663105606629438
in,leaky_relu,2025,BraTS20_Training_060.npy,0.907176265960931,1.0,0.9244471070244868,0.8905389091197257,0.8722425478050982,1.0,0.8434281160074685,0.903095421679511,0.8399861357402847,1.0,0.8991466727064391,0.7881300808736422,0.9430153947356198,1.0,0.9836663767785501,0.9055909561133678,0.9371221003208773,1.0,0.9344046212552403,0.9398554315790854
in,leaky_relu,2025,BraTS20_Training_061.npy,0.831531896926833,2.23606797749979,0.7438208770808071,0.9426939359817691,0.6445411091538902,15.811388300841896,0.8038847946364571,0.537916815580928,0.7919723177910226,1.0,0.8759950996999463,0.7226572357632518,0.918333021521834,1.0,0.9161073818671832,0.9205695009962012,0.8728402677907174,4.47213595499958,0.9486467061323848,0.8082527240487112
in,leaky_relu,2025,BraTS20_Training_062.npy,0.9053035275669695,1.0,0.8612554973704241,0.9540999939349427,0.8855799452954934,1.0,0.9391115218379521,0.83782210485507,0.8986383350362498,1.0,0.986331818005397,0.825265086097467,0.9583645118902545,0.0,0.9959721638659303,0.9234936304613874,0.9366614872792788,1.0,0.9862708118597195,0.8918038419122161
in,leaky_relu,2025,BraTS20_Training_063.npy,0.3596345500015176,4.0,0.5645371503971689,0.26386349625921085,0.7527171468819199,2.23606797749979,0.8334991040048746,0.6862102844036929,0.7112513129100919,4.123105625617661,0.7502218245331773,0.6761295454772909,0.6985899752916516,3.605551275463989,0.8282025791850295,0.6040560101302366,0.8531720408939577,1.4142135623730951,0.9601529629367855,0.7676409436421421
in,leaky_relu,2025,BraTS20_Training_064.npy,0.8436655712737415,2.449489742783178,0.7771574626629094,0.9226223745847314,0.49950180108463593,9.695359714832659,0.8195422530058211,0.35922169541417104,0.7801464992644975,1.4142135623730951,0.7404984421578876,0.8242804448711325,0.9130501805676202,1.0,0.8523732651509337,0.983027853805307,0.8323691958929054,3.3166247903554,0.8747586493894736,0.7938981187798229
in,leaky_relu,2025,BraTS20_Training_065.npy,0.7478944371258033,3.4641016151377544,0.6516633987117084,0.8774703441703512,0.7076470903228288,7.0710678118654755,0.9360864819420196,0.5688313931748209,0.8819028594778728,1.0,0.9491586074143981,0.8235476830582551,0.9239060683640369,1.0,0.9436435099773433,0.9049773732906551,0.7484274750364153,5.916079783099616,0.9554725765054716,0.6151320889688434
in,leaky_relu,2025,BraTS20_Training_066.npy,0.875274184346665,1.4142135623730951,0.8513831653157988,0.900544745680086,0.9006004607429595,1.0,0.9069315529909625,0.8943571474864491,0.8179381208433273,1.0,0.8451240613443461,0.7924467040445334,0.9102708256785843,1.0,0.9163055423864527,0.9043150766600823,0.9367587605944375,1.0,0.9432461191251716,0.9303600285006813
in,leaky_relu,2025,BraTS20_Training_067.npy,0.7757205569881082,3.0,0.6505522645665501,0.9605294245325816,0.9335744731720492,1.0,0.9235281597111484,0.9438417616987708,0.8779679292134177,1.0,0.989467524422979,0.78905240459833,0.96194726381232,0.0,0.9842701158179624,0.9406145033476639,0.9602904841421166,0.0,0.9602598985375915,0.9603210716076954
in,leaky_relu,2025,BraTS20_Training_068.npy,0.8314466830338898,3.7416573867739413,0.7412453321519602,0.9466426079735516,0.8152497198008324,1.7320508075688772,0.8936404433509864,0.7495028406429323,0.8366640913456272,1.0,0.8833333327068558,0.7946787463825186,0.9057733952440102,1.0,0.8693614007696912,0.9453688560977946,0.9387357019224776,1.0,0.9535421299788754,0.9243820658583036
in,leaky_relu,2025,BraTS20_Training_069.npy,0.8287685550524868,2.23606797749979,0.7189346042496971,0.9782133533256622,0.7295373665116811,13.341664064126334,0.6170117694148137,0.8922606128974835,0.8206096730838935,1.0,0.8895144258911686,0.7616126200911412,0.9232276450357398,1.0,0.8903203639124164,0.9586608708780601,0.8026507264571663,10.770329614269007,0.7005034485446556,0.9396737752649659
in,leaky_relu,2025,BraTS20_Training_070.npy,0.6021046300053804,6.324555320336759,0.44417335738625147,0.9343099739345806,0.6537686883852799,4.0,0.7524518541581438,0.5779687712032705,0.7426145891409254,1.4142135623730951,0.8512124296859355,0.6585913778636361,0.8087653865175731,3.3166247903554,0.7159496682208383,0.9292308820652404,0.9073780332044468,1.0,0.8969472260132112,0.9180542992821452
in,leaky_relu,2025,BraTS20_Training_071.npy,0.19689119156615983,19.339079605813716,0.22573627806938376,0.17458263210226138,0.8882870634271712,1.4142135623730951,0.918528597994337,0.859973393898913,0.8208658807445758,2.8284271247461903,0.7398568013207185,0.9217960145487204,0.6474341343580017,15.556349186104045,0.6346921165562968,0.6606982483943095,0.93388044986422,1.0,0.959534711803781,0.9095622587601673
in,leaky_relu,2025,BraTS20_Training_072.npy,0.7599999995935829,2.8284271247461903,0.6700612912116348,0.8778258173220188,0.5871831920385848,6.0,0.8567277283106669,0.4466558735059254,0.8910930997954172,1.0,0.8834241997877931,0.8988963110952958,0.9403944964508473,1.0,0.908322012159095,0.9748148145855814,0.7799738707084819,3.7416573867739413,0.9205959943867776,0.6766194515642301
in,leaky_relu,2025,BraTS20_Training_073.npy,0.8767501200932822,1.0,0.8509840663395581,0.9041251765232928,0.8666231030155697,1.0,0.8652410290448564,0.8680095989862521,0.8320566322404477,1.0,0.8324524304096698,0.8316612093867767,0.9486059587924476,1.0,0.9365585675842881,0.9609673307709756,0.927677360943552,1.0,0.922280374464323,0.9331378830178545
in,prelu,2025,BraTS20_Training_001.npy,0.8541818988288197,1.4142135623730951,0.8699734501910422,0.8389534152373215,0.8815797678105702,1.4142135623730951,0.8001882655259409,0.9814036753511817,0.8825081167338832,1.0,0.9405954866481885,0.8311779318241772,0.9362533528047141,1.0,0.9820307975032926,0.8945536616405345,0.9201104994505355,1.0,0.8617514795855743,0.9869480036151074
in,prelu,2025,BraTS20_Training_002.npy,0.9226309682077417,1.0,0.9555676845463236,0.8918891370573782,0.8541848908479637,1.4142135623730951,0.9232313778733198,0.7947474407124102,0.8496164417067474,1.0,0.8963200474937852,0.8075388625566944,0.936325932868893,1.0,0.9772741734182481,0.8986711930582034,0.896665483411169,1.0,0.9613467449241341,0.8401392927314518
in,prelu,2025,BraTS20_Training_003.npy,0.6993864977040913,2.8284271247461903,0.6221009464924837,0.7985989352259382,0.699348840386198,5.0,0.7557907651649829,0.6507511967473167,0.8528537906913937,1.0,0.9096064012354689,0.8027671451199083,0.9053123770550561,1.0,0.934065931562407,0.8782762074640216,0.7361223851489037,4.242640687119285,0.7910222428318777,0.6883484656268506
in,prelu,2025,BraTS20_Training_004.npy,0.7547867576768347,4.47213595499958,0.6390909084453628,0.9216314626050526,0.9521116756165581,0.0,0.9661662992271104,0.9384600884609691,0.8850668291997195,1.0,0.9372081320948286,0.8384214918449634,0.9316004582463073,1.0,0.9043200802282547,0.9605779517657073,0.9605900335313993,0.0,0.9642685950269607,0.9569394317580026
in,prelu,2025,BraTS20_Training_005.npy,0.5897804215272309,29.658032791968836,0.4303683724756862,0.9367666171006088,0.4131036325867146,71.21797525905943,0.3721453837694671,0.4641925768020209,0.7490860746930952,25.68461904141912,0.685384146882846,0.8258426956206123,0.8343874031341268,25.781774977553766,0.7243468377702789,0.9838510584408033,0.7174919423622935,64.93843238021688,0.6303866546720966,0.8325287272506094
in,prelu,2025,BraTS20_Training_006.npy,0.58279934862568,5.0990195135927845,0.4243845841281353,0.9299215199182918,0.9127990077522178,1.0,0.8709523353741785,0.9588698556987603,0.8156783776136791,1.0,0.9255592075180152,0.7291186406261665,0.9249918112249085,1.0,0.8830913556213777,0.9710664633857968,0.9314742146832873,1.0,0.8889352547367143,0.9782890985479913
in,prelu,2025,BraTS20_Training_007.npy,0.8525908726178022,13.54245278241509,0.8110653301616676,0.8985979755507075,0.8741515699564911,1.0,0.9046496177666391,0.8456427925722136,0.8775814677050794,1.0,0.9072901430308652,0.8497566897053579,0.9243749995185547,1.0,0.9285340578334895,0.9202530323340734,0.9136541503522215,1.0,0.9388408498402094,0.889783533021985
in,prelu,2025,BraTS20_Training_008.npy,0.2650918600381646,12.56781303978479,0.6433120609355375,0.16694214600095628,0.8188266162629895,1.4142135623730951,0.9339984408623544,0.7289405808728062,0.8665280629250391,1.0,0.8604459053637828,0.872696810111417,0.7780233635048204,2.0,0.9005847887384153,0.6848248989170378,0.8291066281334678,1.4142135623730951,0.9462966836269782,0.7377438980027172
in,prelu,2025,BraTS20_Training_009.npy,0.7163251392075379,9.643650760992955,0.7044880893261997,0.7285667669758681,0.8384210769440414,2.0,0.8382702212769486,0.83857198683083,0.7700206753078312,2.449489742783178,0.6585135850654183,0.926989131080232,0.8394993207793902,3.0,0.7537406401046801,0.9472782106980769,0.9084216147767213,1.0,0.8675468826941559,0.9533384418944961
in,prelu,2025,BraTS20_Training_010.npy,0.48992058344581196,4.242640687119285,0.7696736896415799,0.35931899319606636,0.8066538470607362,2.23606797749979,0.8230440506294395,0.7909036904902235,0.8766108489261434,1.0,0.8774911155917023,0.8757323452424726,0.8747602076769251,1.4142135623730951,0.9127823835962505,0.8397790044201803,0.8435518436575029,1.7320508075688772,0.8637813622171938,0.8242481809925847
in,prelu,2025,BraTS20_Training_011.npy,0.4720652848837645,5.196152422706632,0.3267434274891518,0.8501978470876324,0.9052172223282478,1.0,0.9302871631336055,0.8814630237426664,0.7763211793142694,1.4142135623730951,0.9845860738057048,0.6407799812434851,0.9149300595133076,1.0,0.9265683714690485,0.9035804897062489,0.9243977706301508,1.0,0.9472869386120742,0.9025886414753658
in,prelu,2025,BraTS20_Training_012.npy,0.7653039135511488,3.0,0.7667967023545873,0.7638169224360236,0.8026096545956185,3.7416573867739413,0.7301139999444456,0.8910891084465403,0.8426182666644666,1.0,0.8394441640056184,0.845816462810701,0.9229000236486928,1.0,0.9208937186945728,0.9249150886403262,0.8713621373346813,2.0,0.8127188414205486,0.9391266308452553
in,prelu,2025,BraTS20_Training_013.npy,0.8774855007883774,1.0,0.8072599077674735,0.9610934653345129,0.8306331920775776,1.7320508075688772,0.8358697016614672,0.825461884544182,0.709262850740467,1.4142135623730951,0.7241891539386255,0.6949394138870529,0.9050072565656723,1.0,0.857997935426214,0.9574664100134616,0.8976837138226164,1.0,0.8869418846140524,0.9086889230801041
in,prelu,2025,BraTS20_Training_014.npy,0.5930417374503787,3.1622776601683795,0.5476190470236801,0.6466812162707906,0.8309810262523405,1.4142135623730951,0.9302775248463987,0.7508376810001931,0.8401772371476692,1.0,0.9221330010619018,0.7716002646107692,0.9068004657455783,1.0,0.941224610913911,0.8748055177973221,0.8932933139622984,1.0,0.9754501844720282,0.8239006384226151
in,prelu,2025,BraTS20_Training_015.npy,0.30504935430424324,11.180339887498949,0.18524495655879544,0.8635142350160439,0.9371321743992445,1.0,0.9596134187380714,0.9156801715911007,0.8701596906011065,1.0,0.9261275261873723,0.8205708653340839,0.7883359146109719,4.123105625617661,0.6622164390664612,0.973795856439734,0.9490285147232685,1.0,0.9471613175391571,0.9509030882133033
in,prelu,2025,BraTS20_Training_016.npy,0.07026804686698154,12.083045973594572,0.03654058677532331,0.9127337407592722,0.8430683647634174,1.4142135623730951,0.9380133558719764,0.7655772261270508,0.5991506645589109,2.449489742783178,0.9960862550870339,0.4284252564846601,0.8350666187367153,3.0,0.7368677277793515,0.9634627622649705,0.9216817681722075,1.0,0.9568626215437465,0.8889961530497904
in,prelu,2025,BraTS20_Training_017.npy,0.598412836314282,4.358898943540674,0.48937384040882353,0.7699730682900067,0.9099833009370638,1.0,0.9459190015428016,0.8766780802351565,0.8155777664458936,1.0,0.9628723543490109,0.707368642872007,0.8632825109010646,1.4142135623730951,0.8618911168611095,0.864678403977953,0.934778263600588,1.0,0.9662873785825291,0.9052591822391408
in,prelu,2025,BraTS20_Training_018.npy,0.19743336526439603,15.21509738082164,0.5865102467299048,0.11869436131338658,0.7545060219874393,4.58257569495584,0.8575565392227936,0.6735652924540751,0.5947995655565194,14.594519519326424,0.9716814101965698,0.4285714274562284,0.53358011563514,14.317821063276353,0.9911591306917528,0.36505065056973474,0.7574599211337656,4.242640687119285,0.8862873962515032,0.6613312444597321
in,prelu,2025,BraTS20_Training_019.npy,0.6069827636801675,4.58257569495584,0.4478293269537644,0.9416258551584215,0.7687632665023431,2.23606797749979,0.739913978176381,0.7999534988142509,0.7900271664227381,1.0,0.9186793020292681,0.6929817813106451,0.9191691883502316,1.0,0.8647491113716119,0.9808987518047374,0.9024887310704794,1.0,0.8594424273672985,0.9500744589843069
in,prelu,2025,BraTS20_Training_020.npy,0.7461882183889084,3.7416573867739413,0.6064806599753282,0.9695261392739587,0.7655788205628251,4.0,0.8842451278046046,0.6749941403434402,0.71189878296441,1.4142135623730951,0.8151657017675505,0.6318541587473628,0.8619848688431269,2.449489742783178,0.7668346077451698,0.9840929478388625,0.905833806162503,1.0,0.8829269704706709,0.9299608995571494
in,prelu,2025,BraTS20_Training_021.npy,0.12956581623168223,12.039514849852674,0.0705176291428446,0.7966101357368587,0.7429310529330415,6.4031242374328485,0.6629901565734746,0.8447930707011508,0.6582759431746902,1.7320508075688772,0.9230769200030738,0.5115334923204771,0.8770752376571218,1.0,0.8759922369448012,0.8781609179873371,0.786027765220775,5.0,0.7143089693650472,0.8737554756160376
in,prelu,2025,BraTS20_Training_022.npy,0.8108545966379306,3.1622776601683795,0.7255960045702352,0.9188169292005947,0.8968904691928918,1.0,0.9353805925841411,0.8614428225314652,0.8780605927788675,1.0,0.8955051858320042,0.8612826598779189,0.9372084798125501,1.0,0.9083461171432105,0.9679652170546208,0.945931407401107,1.0,0.9551660352689206,0.9368736319351351
in,prelu,2025,BraTS20_Training_023.npy,0.8785078130746867,1.0,0.7934436169472703,0.9840015038885724,0.8304096209353445,1.4142135623730951,0.7783616558128739,0.8899171467174198,0.8475493163981023,1.0,0.8308494094990863,0.8649343224205841,0.9371719895225155,1.0,0.8915325796579182,0.9877362658905517,0.8944973639300218,1.0,0.8437613985254574,0.9517252726557338
in,prelu,2025,BraTS20_Training_024.npy,0.6422059143404426,35.82387410216226,0.5624147992942263,0.7483804074931837,0.831616054161708,1.4142135623730951,0.887800382153229,0.7821197130039363,0.799011303135776,3.0,0.6819798034030343,0.964529971191813,0.8146930066410317,3.605551275463989,0.6989095620333576,0.9764555473411519,0.8862212083993004,1.0,0.8886347558490173,0.8838207358078116
in,prelu,2025,BraTS20_Training_025.npy,0.9526588331749181,0.0,0.9304271919642497,0.9759788867474666,0.8355979339378098,1.4142135623730951,0.8636662284100781,0.8092965982224368,0.8956822852246287,1.0,0.9495783852752949,0.8475756485343425,0.9638033782228587,0.0,0.97932753502416,0.9487637143816567,0.9201086919803008,1.0,0.9429306751442827,0.8983653346006272
in,prelu,2025,BraTS20_Training_026.npy,0.5742624188559038,5.0990195135927845,0.6079914562534561,0.544078999327802,0.8978213103960966,1.0,0.8948610820350351,0.9008011887524586,0.7003469543754149,2.23606797749979,0.7673171140533379,0.6441284921840418,0.8319369927806198,2.0,0.9016125795830743,0.7722577952522612,0.9390711899549085,1.0,0.9519613718707416,0.9265254273744699
in,prelu,2025,BraTS20_Training_027.npy,0.8094154160323769,3.605551275463989,0.9040795089517167,0.7326964496275205,0.61918037352328,7.483314773547883,0.9695161874695001,0.4548278097711153,0.8450825997081728,1.0,0.8164677799424417,0.8757759994395033,0.9156337617875598,1.0,0.931649155577205,0.9001596833320052,0.7336920158623759,5.385164807134504,0.9954237184918641,0.5809420397218065
in,prelu,2025,BraTS20_Training_028.npy,0.7594317426291921,2.23606797749979,0.7027685866223775,0.8260335635979665,0.36652879391248566,5.385164807134504,0.5251641128279283,0.2814974095577193,0.6362853624623092,2.23606797749979,0.5591827904451597,0.7380510761334698,0.7695340099038513,1.7320508075688772,0.6900093366079703,0.8697772165869885,0.8661158574626523,1.4142135623730951,0.9009668908580101,0.833860616092443
in,prelu,2025,BraTS20_Training_029.npy,0.7109911660672444,4.242640687119285,0.8558771361141339,0.6080570683673643,0.9190800832233503,1.0,0.9395163489747409,0.899513945593367,0.8928315404186098,1.0,0.8738817735943137,0.9126213575515272,0.9274087680970013,1.0,0.9555044617859015,0.9009181319804666,0.9329749047029661,1.0,0.9546117943650283,0.9122971045304021
in,prelu,2025,BraTS20_Training_030.npy,0.2141446060286661,21.470910553583888,0.1550343240558677,0.34610472099483114,0.8624176896610831,1.4142135623730951,0.8500579601441287,0.8751421397107506,0.7890070916156863,1.4142135623730951,0.8684338902773884,0.7228915652864606,0.8076180987069036,4.123105625617661,0.8215778133195165,0.794124846029223,0.8707278561161959,1.4142135623730951,0.86043749173432,0.881267333991683
in,prelu,2025,BraTS20_Training_031.npy,0.7583838673497597,3.0,0.7841063592927839,0.7342954149203518,0.8608652629632909,1.0,0.8866325700857507,0.8365533572826166,0.874223529757082,1.0,0.8553280931935076,0.8939726808224412,0.9073598894145428,1.0,0.8994491804724243,0.9154109830338459,0.918982222032599,1.0,0.9340655293982003,0.9043783044134286
in,prelu,2025,BraTS20_Training_032.npy,0.7407909598939428,4.242640687119285,0.625015888362761,0.909208578200428,0.6380201248127911,3.0,0.7759647179978338,0.5417179798786038,0.7857623853844337,1.0,0.8541252736022951,0.7275318422307546,0.8764420957356693,1.0,0.8564543884931415,0.8973850310205079,0.8968589090995672,1.0,0.9497735845472552,0.8495291454249404
in,prelu,2025,BraTS20_Training_033.npy,0.733418912613451,5.385164807134504,0.6161035219073766,0.9059196601375623,0.9305871736022793,1.0,0.9235129495829122,0.9377706129999926,0.9100021130604105,1.0,0.9414079574355625,0.8806240499704195,0.9548414463983791,0.0,0.9241634157568617,0.9876261513876147,0.9499671732732969,1.0,0.9381177621156321,0.9621197546890609
in,prelu,2025,BraTS20_Training_034.npy,0.8492349919053436,2.0,0.8127949400083703,0.8890958432818393,0.8732787456264977,1.0,0.913411178648276,0.83652447398535,0.829812811087538,1.4142135623730951,0.7911584114649373,0.8724383854507365,0.910322355299625,1.0,0.8694453704858407,0.9552326289033501,0.9463541779753117,1.0,0.9476046431865719,0.9451070085557799
in,prelu,2025,BraTS20_Training_035.npy,0.5077256055709356,7.211102550927978,0.3526685039870256,0.9061158788560989,0.7372125213493416,3.0,0.7928684169920833,0.6888577214620982,0.7837953090291764,1.0,0.909075920818945,0.6888625146202566,0.8399481829629522,2.449489742783178,0.7800987386367203,0.9097440609343111,0.877631147646757,1.4142135623730951,0.8622837914854261,0.8935347233300825
in,prelu,2025,BraTS20_Training_036.npy,0.6553030261660162,4.69041575982343,0.8871794720140261,0.519519514319124,0.8055555551545422,2.23606797749979,0.8914720131208991,0.7347439150610753,0.8393771965450757,1.0,0.8092194444911497,0.8718697811521916,0.8799722671982215,1.0,0.8832637423742803,0.8767052307430405,0.8863945360336438,1.0,0.9455612513858869,0.8341962739783394
in,prelu,2025,BraTS20_Training_037.npy,0.8284575152340613,1.4142135623730951,0.874030371600535,0.787401574028148,0.8582256795434585,2.0,0.7619204290322791,0.9823989882033681,0.8379217409211197,1.0,0.8540927735905885,0.8223516801778816,0.9289680415973002,1.0,0.9597994216557031,0.9000557898700663,0.8865116195413576,1.4142135623730951,0.8034622279803781,0.9887089248157896
in,prelu,2025,BraTS20_Training_038.npy,0.7695493537276652,3.3166247903554,0.7527006165579663,0.7871696582739867,0.7970485837822593,2.0,0.7681969487925312,0.8281519860241504,0.8001581420782891,1.4142135623730951,0.797635345033132,0.8026969478550925,0.8626865670379446,1.4142135623730951,0.8551039941823734,0.8704048185932013,0.9043238009531769,1.0,0.8810148923462752,0.9288995893170383
in,prelu,2025,BraTS20_Training_039.npy,0.8394366189793692,1.4142135623730951,0.7700258385496999,0.9226006174098286,0.8444456392025425,1.4142135623730951,0.9566011874656307,0.7558293426484516,0.8778314705233194,1.0,0.9064400429545922,0.85097350252454,0.9081589513559081,1.0,0.9036702066969869,0.9126925114643163,0.8926942265776288,1.0,0.9661543206822837,0.8296156456141859
in,prelu,2025,BraTS20_Training_040.npy,0.9383349644352437,1.0,0.9370211861694822,0.9396524314190673,0.9188116852637322,1.0,0.9131014143505978,0.924593826279948,0.8921663337214386,1.0,0.8660803597590528,0.9198725039090387,0.9606551159061583,0.0,0.9443603064040726,0.9775221279267003,0.9480165493685839,1.0,0.9388729419115315,0.9573400059935291
in,prelu,2025,BraTS20_Training_041.npy,0.7004858520999059,4.47213595499958,0.6396137770364985,0.7741629792351137,0.9328429804139798,1.0,0.9368006489069334,0.9289186107319457,0.795708690017762,2.23606797749979,0.9172883118475483,0.7025862061922753,0.8582571599194567,2.0,0.9206833426996571,0.8037589401888914,0.9566441951076301,0.0,0.9713456500359106,0.9423811223055268
in,prelu,2025,BraTS20_Training_042.npy,0.9429646195244599,1.0,0.9340382674048145,0.9520632308806902,0.9167119228311179,1.0,0.9411367165840587,0.8935228254167262,0.8761551712848756,1.0,0.8700679209467165,0.8823281976537525,0.9644558916980739,0.0,0.9565228495270331,0.9725216214392328,0.9548098110064076,0.0,0.9612894777554458,0.9484169129160925
in,prelu,2025,BraTS20_Training_043.npy,0.7570344416146708,3.0,0.6379378185007127,0.9308067730955877,0.7881967673530411,2.449489742783178,0.7530868348574885,0.8267405352440478,0.5798268560905439,4.0,0.5487804857134889,0.6145966683115806,0.7921962749096984,2.23606797749979,0.6955618989156996,0.9200137299690805,0.835802644556263,1.7320508075688772,0.7852467336062285,0.8933163123025694
in,prelu,2025,BraTS20_Training_044.npy,0.3156899781125711,9.273618495495704,0.41542287523823695,0.25457316685101883,0.6606831212102084,6.164414002968976,0.6114443928175793,0.7185466372569504,0.7773437474695841,1.4142135623730951,0.8456090591670746,0.7192771041007403,0.7336561725577333,2.0,0.8351708884499951,0.6541450748957466,0.7217957919482588,5.385164807134504,0.6825587463798649,0.7658190761859509
in,prelu,2025,BraTS20_Training_045.npy,0.8526637774494443,1.0,0.8083615268195012,0.9021035592623358,0.8606519036095724,1.0,0.8354522337098613,0.8874190434373931,0.900291129644835,1.0,0.9271581821356243,0.874937325197589,0.9598460869253889,0.0,0.9653149295660683,0.9544388608032374,0.9472332078506736,1.0,0.9391342026951389,0.9554731181768308
in,prelu,2025,BraTS20_Training_046.npy,0.04319506327324284,12.083045973594572,0.3865030437728194,0.022875816910400082,0.5546050066705133,12.449899597988733,0.4291252655134325,0.7837922891246828,0.5434364983064323,9.695359714832659,0.938098740323517,0.3825120180813942,0.3854248876803146,9.0,0.9638157831327909,0.24087471186965684,0.6309746457690034,11.532562594670797,0.5337901049656623,0.7714240264161037
in,prelu,2025,BraTS20_Training_047.npy,0.8349936141516158,2.449489742783178,0.756587865512783,0.9315285972189992,0.7773928423018188,2.8284271247461903,0.6801828661328075,0.9070220941503961,0.852867538199261,1.0,0.9101278082215781,0.8023858061594616,0.9277307101082999,1.0,0.9174244126662878,0.938271199096615,0.8921830476740658,1.4142135623730951,0.8283087126297628,0.9667317604399349
in,prelu,2025,BraTS20_Training_048.npy,0.7678571404086187,2.0,0.8478873179726245,0.7016316975429389,0.6678605181644877,5.385164807134504,0.5208317167659121,0.9305517043730581,0.7281131029686974,1.4142135623730951,0.6560509521996524,0.8179596773490552,0.8643968287872075,1.0,0.8509101391190114,0.8783179216274443,0.7335176519069507,5.0,0.5897944524129435,0.9698554631517601
in,prelu,2025,BraTS20_Training_049.npy,0.36825396533131777,5.389767845530358,0.2308457688473058,0.9098038858900437,0.9194090469696492,1.0,0.8983114742557765,0.9415214405561865,0.8560148046193525,1.0,0.9506714142212348,0.7785008959189836,0.9533368916675528,0.0,0.9591749012480127,0.9475695161376152,0.9286787203589542,1.0,0.9096507000690878,0.948519802081838
in,prelu,2025,BraTS20_Training_050.npy,0.8372928533083096,2.23606797749979,0.7386921756885516,0.9662707302531486,0.7291817520893622,10.246950765959598,0.8115731779403826,0.6619773858388264,0.8495073475153607,1.0,0.8978104551085669,0.8061363964501566,0.9440618333626605,1.0,0.9101283878789983,0.9806236406330225,0.940990877349924,1.0,0.9293760056027462,0.9528997366794248
in,prelu,2025,BraTS20_Training_051.npy,0.8575160284285015,1.0,0.8116430640331691,0.9088849712839542,0.9288247152397373,1.0,0.9279630056022186,0.9296880266482679,0.8887576756066928,1.0,0.8614269356265342,0.9178795016522648,0.9443623245596988,1.0,0.9098780899453811,0.9815634212256862,0.9438603024457882,1.0,0.9381344080827396,0.9496565218410711
in,prelu,2025,BraTS20_Training_052.npy,0.8757680483143548,1.0,0.8198813575051567,0.939831030414525,0.8643596145443525,1.0,0.9666068218764784,0.7816744633709714,0.8748485003557736,1.0,0.8908564059982224,0.8594057346936477,0.9549212394260806,0.0,0.9430817815045482,0.9670617413402276,0.9180251131127023,1.0,0.9819255993135919,0.8619333287489983
in,prelu,2025,BraTS20_Training_053.npy,0.7082614053226824,5.0990195135927845,0.5957023142821685,0.8732668439877562,0.9425302026163324,1.0,0.9477200721116728,0.9373968646121004,0.8384917830232423,1.0,0.9181938607659595,0.7715213350913531,0.8794156505672934,1.4142135623730951,0.8354886074390182,0.9282180818186412,0.9588909213110175,0.0,0.956470442912456,0.9613236814228664
in,prelu,2025,BraTS20_Training_054.npy,0.8490360124779658,1.0,0.877311681134699,0.8225260772166252,0.7728264255730721,2.0,0.6699396301073642,0.9130490456802891,0.894308104610176,1.0,0.845513924269485,0.9490789710198508,0.9365937746324227,1.0,0.900117571371281,0.9761511486927609,0.8883902840065604,1.0,0.8092630788412697,0.9846680354422894
in,prelu,2025,BraTS20_Training_055.npy,0.7646233029811668,5.477225575051661,0.627881954153271,0.9775065781825639,0.9369250047916556,1.0,0.9420791672531061,0.9318269327255216,0.8448248695873419,1.0,0.9743217042462189,0.7457124309393599,0.9417384281008684,1.0,0.9482454945479979,0.9353200581749833,0.9468929452672212,1.0,0.9522771360095146,0.9415692967426648
in,prelu,2025,BraTS20_Training_056.npy,0.8141134880930926,3.605551275463989,0.7567472415433616,0.8808905875141503,0.6539800552740956,5.196152422706632,0.5342749708184173,0.8428136875720048,0.8649280408687945,1.0,0.8350369481680442,0.8970385506977998,0.9153482740269089,1.0,0.8747148225074018,0.959940757119705,0.8666102619743812,2.0,0.7800829073980367,0.974727763087904
in,prelu,2025,BraTS20_Training_057.npy,0.8074184454257022,2.8284271247461903,0.774214033743366,0.8435986129979286,0.896781309205699,1.0,0.8481598798040733,0.9513162586928278,0.8625655167654811,1.0,0.9075815617002421,0.8218040361419218,0.9172322459372487,1.0,0.9421867021406337,0.8935655532224113,0.9215078271806045,1.0,0.8813114825683779,0.9655460859328686
in,prelu,2025,BraTS20_Training_058.npy,0.33678467336054024,13.892443989449804,0.25911085645953935,0.4809633425164453,0.6653155985724245,7.681145747868608,0.577915070336978,0.7838624095171782,0.6394633096068447,6.4031242374328485,0.6891771009404039,0.5964391683699662,0.514319340749863,9.433981132056603,0.4575916227704528,0.5871025521815924,0.7152564705433565,6.4031242374328485,0.6241321915174731,0.837538389073584
in,prelu,2025,BraTS20_Training_059.npy,0.49470404676196855,3.0,0.44062152674115956,0.563920446535221,0.7665162581156763,4.58257569495584,0.7943384353976354,0.7405771032450043,0.7372523522661502,3.1622776601683795,0.9684300258666381,0.5951756654684024,0.8509820647929504,1.4142135623730951,0.9614085819517192,0.7633090740585634,0.7958599018952296,4.242640687119285,0.8306968127051868,0.763827296000345
in,prelu,2025,BraTS20_Training_060.npy,0.9129870127399926,1.0,0.9190543627197656,0.9069992469051719,0.8626851045522307,1.0,0.818312878043456,0.9121453036511723,0.8331778472752727,1.0,0.9112045505124879,0.7674600277238373,0.9406771458475831,1.0,0.9852591946176485,0.8999550297860076,0.9313582137509077,1.0,0.9198826319621439,0.943123729280336
in,prelu,2025,BraTS20_Training_061.npy,0.8242790614947479,2.449489742783178,0.7334981088492322,0.9407048276324729,0.48974462890565684,32.07802986469088,0.8092431335442155,0.3511188605922006,0.8013453851857996,1.0,0.8753827298294815,0.7388551482893718,0.9218467105756463,1.0,0.9112602528625949,0.9326820325654999,0.7718338476863283,28.442925306655784,0.9462035923611001,0.6517306230733063
in,prelu,2025,BraTS20_Training_062.npy,0.9002440919234344,1.0,0.8387145137751327,0.9715162386548276,0.899687701868421,1.0,0.908542221640091,0.8910041059146798,0.8898210539084265,1.0,0.9922701784851308,0.8065472978086108,0.956347839308345,0.0,0.9964507186304459,0.9193480138860959,0.9485507945150519,1.0,0.9686290514849036,0.9292880192726748
in,prelu,2025,BraTS20_Training_063.npy,0.5477582819310025,2.23606797749979,0.7327248926633,0.4373540821995791,0.8073263977917106,1.7320508075688772,0.9031231341723462,0.7299035363907528,0.7813299216084187,1.0,0.8132209369422317,0.7518457721417318,0.8457888480934329,1.0,0.9440582557296978,0.7660488832499358,0.8709214033549075,1.4142135623730951,0.973766729656775,0.7877250505551413
in,prelu,2025,BraTS20_Training_064.npy,0.8416553378597132,2.8284271247461903,0.7704087350574182,0.9274224019089278,0.5415665438280535,9.9498743710662,0.772321428085814,0.41698068356690066,0.7696168495377373,1.4142135623730951,0.7295666947806381,0.8143195824832244,0.9106705428873813,1.0,0.8467044586043593,0.9850913589597304,0.8465175270371001,3.0,0.8567969523710487,0.8364818323616309
in,prelu,2025,BraTS20_Training_065.npy,0.6782253917479583,4.898979485566356,0.6506849251400693,0.708200205450477,0.7164324708334554,5.0990195135927845,0.9053150628678986,0.5927604617556314,0.8686739255786773,1.0,0.9709989224095992,0.7858591689775162,0.9050578904264986,1.0,0.9732634312627433,0.845785875066547,0.7605514728554738,4.123105625617661,0.9391311326832366,0.6390361180703141
in,prelu,2025,BraTS20_Training_066.npy,0.8841282244846534,1.0,0.8319599752325486,0.9432766083695753,0.9139460362102417,1.0,0.8998216814732244,0.9285208773464211,0.8168746148845327,1.0,0.8424697047403696,0.7927888783744691,0.9156964416672548,1.0,0.908026647106897,0.9234969076940555,0.9421464959165935,1.0,0.9293279055234822,0.9553236558974643
in,prelu,2025,BraTS20_Training_067.npy,0.768611083777244,3.3166247903554,0.633824235125801,0.9762080855815976,0.9274695608418635,1.0,0.8957141715800215,0.9615593315776725,0.8659729161295053,1.0,0.994463698521644,0.7668864974776514,0.9603953483784854,0.0,0.9909826853184919,0.9316396725714642,0.95725439372825,0.0,0.9444621389816577,0.9703979354317452
in,prelu,2025,BraTS20_Training_068.npy,0.8305292222989354,4.0,0.7360480367665516,0.9528381991293761,0.8121876199899677,2.0,0.8944449145167055,0.743785648636087,0.8393547524198924,1.0,0.8930496447567023,0.7917505025202776,0.9082618106726041,1.0,0.8720443419800564,0.9476179793843533,0.9352032845698967,1.0,0.9520995548957001,0.918896250789416
in,prelu,2025,BraTS20_Training_069.npy,0.8292304476384594,2.23606797749979,0.7200227999170781,0.9774885677260017,0.7411123553195913,12.206555615733702,0.6277105182757469,0.9045229792493867,0.8193835139634658,1.0,0.9081312770084248,0.7464373977249632,0.9294464575153758,1.0,0.9068682181262365,0.9531776597998382,0.8094066580643583,9.219544457292887,0.7092568108381959,0.942489938903242
in,prelu,2025,BraTS20_Training_070.npy,0.6099338148612745,7.280109889280518,0.4455928667676916,0.966329965400356,0.6591448929853756,4.123105625617661,0.7669846644227065,0.5778919788466035,0.7135066220293552,1.4142135623730951,0.7905516748092666,0.6501452077120715,0.8014580880081309,3.1622776601683795,0.6947514593054606,0.9468906910208997,0.8958722878024455,1.0,0.879916143858083,0.9124178073169454
in,prelu,2025,BraTS20_Training_071.npy,0.1577947743145656,20.42057785666214,0.2571954480301281,0.1138097000267977,0.8825684055502852,1.4142135623730951,0.8939375713527744,0.8714847957849443,0.813439730863738,4.123105625617661,0.7704057273107353,0.8615658355324147,0.5914393290542054,17.11724276862369,0.6902836187370411,0.5173570416175562,0.9329240607215691,1.0,0.9625499794828157,0.905067374686387
in,prelu,2025,BraTS20_Training_072.npy,0.750710692788809,3.1622776601683795,0.647430456720952,0.8931963042888041,0.5881388356900656,5.744562646538029,0.8583231244527725,0.447328176204165,0.8917782243571306,1.0,0.8927582562461798,0.8908003415292507,0.9415729065481344,1.0,0.9122660938445448,0.9728251978005875,0.7813523183463855,3.4641016151377544,0.9236552346544228,0.6770436139850888
in,prelu,2025,BraTS20_Training_073.npy,0.8531757328017832,1.0,0.802115409288907,0.9111787058385115,0.8477523003379558,1.0,0.8147517213429678,0.8835390296031999,0.8157273914465387,1.0,0.8224101471221881,0.8091523652530916,0.9470696576143393,1.0,0.9263984872547708,0.9686843724714735,0.9132337406515033,1.0,0.8836227226838826,0.9448981550382162
in,swish,2025,BraTS20_Training_001.npy,0.8238561698650531,4.242640687119285,0.8931554743941232,0.7645363334823256,0.8847006579621208,1.4142135623730951,0.8118654973063805,0.9718923621561867,0.8767174405677787,1.0,0.9315478332738996,0.8279828268524981,0.9166360153923022,1.0,0.981035081398394,0.8601709538789167,0.9273577579625476,1.0,0.8799666402467877,0.9801439850852857
in,swish,2025,BraTS20_Training_002.npy,0.9136262480393178,1.4142135623730951,0.9636462871575914,0.868542752269465,0.8465676895924548,1.4142135623730951,0.9187281905533017,0.784917224478712,0.8510235296488501,1.0,0.891891890530017,0.813736415695547,0.9315582448013439,1.0,0.9799478000000332,0.8877227375078007,0.8920762661357807,1.0,0.9611527324476684,0.8322629000126303
in,swish,2025,BraTS20_Training_003.npy,0.7326892050508116,2.438818654519018,0.6207366900308774,0.8939096091569821,0.7354583568473501,4.242640687119285,0.7702485040764502,0.7036751565344654,0.862904535919817,1.0,0.8849232792364133,0.8419549322692639,0.9181436870272714,1.0,0.9094076630677896,0.9270491777949476,0.7696823091808285,3.605551275463989,0.8006173043913788,0.7410489703626839
in,swish,2025,BraTS20_Training_004.npy,0.7807362810947347,4.0,0.6812121205240281,0.9143167015803733,0.9467649798817834,1.0,0.971724395890096,0.9230556541818994,0.8952394081508361,1.0,0.9328974775968838,0.8605036442276318,0.9372366855488308,1.0,0.910617573823159,0.9654589152650855,0.9574705606479235,0.0,0.9696976011327243,0.9455480251434663
in,swish,2025,BraTS20_Training_005.npy,0.6334174255124831,5.0,0.48876909107885863,0.8996692342906878,0.5030622656489774,68.9492567037528,0.47555484002001475,0.5339472724197413,0.7989409580095627,1.4142135623730951,0.7646462591073928,0.8364563689583586,0.8752808050273397,1.4142135623730951,0.7966679282115351,0.9711068023898212,0.8092976474243454,3.3166247903554,0.7457138440273317,0.8847352019517836
in,swish,2025,BraTS20_Training_006.npy,0.5626573077519028,5.385164807134504,0.40032284079886865,0.9464519964860442,0.9163286533818938,1.0,0.8835397628040946,0.9516449849160195,0.8106442672064574,1.0,0.9439589509564824,0.710325480163396,0.9245707134006244,1.0,0.8911771273417071,0.9605643295067978,0.9364452155393949,1.0,0.9028354353229465,0.9726541304840828
in,swish,2025,BraTS20_Training_007.npy,0.853251720193953,13.996342214479267,0.8204826344305984,0.8887472078777583,0.8826180611627807,1.0,0.8845234138543595,0.8807208991796558,0.8805553332158659,1.0,0.895924661639999,0.8657044228652269,0.9269981115339846,1.0,0.9247671853879176,0.9292398265910632,0.9192122691431146,1.0,0.9201855444273109,0.9182410503086108
in,swish,2025,BraTS20_Training_008.npy,0.22718052277524295,27.025911971004174,0.356687875370199,0.16666666170634936,0.823558559065206,1.4142135623730951,0.932720186770781,0.7372714276856248,0.8351042863632259,5.656854249492381,0.8761354180335639,0.7977443549041778,0.7857613685373719,13.965936476836037,0.8713450228702849,0.7154861901831562,0.835176450270829,1.4142135623730951,0.94507071705736,0.7481772557645636
in,swish,2025,BraTS20_Training_009.npy,0.7150763611489233,8.602325267042627,0.7414024291128718,0.6905557797852714,0.8428808385628628,2.0,0.8333350468498848,0.8526478570080742,0.7789631038052407,2.8284271247461903,0.6756645251221656,0.9195476054331306,0.8487304887920494,3.0,0.7839936004846776,0.9251206980494675,0.9057142856871033,1.0,0.8696043061313752,0.9449530942156942
in,swish,2025,BraTS20_Training_010.npy,0.6018136801169524,3.7416573867739413,0.7005758022922112,0.5274566397766381,0.809703084505471,2.23606797749979,0.8670680246009975,0.759457614171836,0.8732527830109352,1.0,0.8541634468497398,0.8932148612387483,0.9021331789405209,1.0,0.8949099215114242,0.9094739887976258,0.8389089586756473,1.7320508075688772,0.8878758397122517,0.7950608778600391
in,swish,2025,BraTS20_Training_011.npy,0.47505938167053147,5.0990195135927845,0.32587442901178704,0.8761682191812604,0.9041881551822966,1.0,0.9365329073383895,0.8740029799119109,0.7680238057838334,1.4142135623730951,0.9833737426682132,0.6300488230913794,0.9181555372171198,1.0,0.9335067929714689,0.9033010062445906,0.9239156284027664,1.0,0.953517350573289,0.8960965221972859
in,swish,2025,BraTS20_Training_012.npy,0.7598746065624356,3.1622776601683795,0.7880364075074278,0.7336561713734617,0.7809496483572539,8.717797887081348,0.6973229150346599,0.8873675626800502,0.8326943178523054,1.0,0.7999330306379826,0.8682536782332297,0.9158108351787646,1.0,0.8992753612327593,0.9329657925911968,0.8580233097150785,5.0990195135927845,0.786095075617143,0.944440233099204
in,swish,2025,BraTS20_Training_013.npy,0.8756914722494044,1.4142135623730951,0.7993521333847636,0.9681513951440672,0.8421921219302207,1.4142135623730951,0.8504276189000038,0.8341145991383104,0.7015045357740847,1.4142135623730951,0.7561277525225854,0.65424164384267,0.8997811184829807,1.0,0.8626074985465377,0.9403029841455655,0.9063290588490288,1.0,0.9006668247263283,0.9120629368636225
in,swish,2025,BraTS20_Training_014.npy,0.5735057436186771,3.605551275463989,0.5617525542925065,0.5857612508947271,0.8469929244548597,1.4142135623730951,0.9258606307010424,0.7805069034804866,0.8386525282446258,1.0,0.9101447631134671,0.7775737954598899,0.896528491738497,1.0,0.9405178182648174,0.8564701894117649,0.9028358469165064,1.0,0.9734786647696362,0.8417520846896985
in,swish,2025,BraTS20_Training_015.npy,0.31928551463458416,10.816653826391969,0.19780979804287055,0.8273866883925424,0.9334930391912181,1.0,0.9596041259214195,0.9087652907763121,0.8739095091444543,1.0,0.8958009321308588,0.8530625189325479,0.773798109583003,4.123105625617661,0.6391921702555908,0.9802203513661661,0.9477487980966705,1.0,0.9472570976280653,0.9482410092165647
in,swish,2025,BraTS20_Training_016.npy,0.06331585977890299,12.083045973594572,0.03294000212721828,0.8133802745301032,0.8220246402062577,2.0,0.9148149008871239,0.7463244714978005,0.6044489898876249,2.449489742783178,0.9977745368753169,0.4335445146937164,0.8197429646549215,3.0,0.7204128326954838,0.9508449524671192,0.9082843492204308,1.0,0.9420636669178765,0.8768436091235782
in,swish,2025,BraTS20_Training_017.npy,0.6251019477796992,4.898979485566356,0.49194123450015514,0.8571073537348226,0.9124496467794923,1.0,0.9590668651600301,0.8701541931331176,0.834973504393784,1.0,0.9523672457154019,0.7433449390729586,0.8791609324658158,1.4142135623730951,0.8466332372158788,0.9142879237918404,0.9344996385164782,1.0,0.9706614526188345,0.9009354536107638
in,swish,2025,BraTS20_Training_018.npy,0.25030825986246447,12.80233215419029,0.5953079004308534,0.1584699441181113,0.767874716446892,3.4641016151377544,0.8589685291710019,0.6942494050766457,0.6164643387396352,13.980332024072911,0.9587020592406958,0.4542913042932868,0.5773136051968181,13.564659966250536,0.9774066749636214,0.40963359322841997,0.7718025861471833,3.1622776601683795,0.8839597451258621,0.6849019571962972
in,swish,2025,BraTS20_Training_019.npy,0.6171364565881797,4.358898943540674,0.46198993808273714,0.9291736913449997,0.7799897249807368,2.23606797749979,0.7836129028887686,0.7763998973935056,0.7983436480705536,1.0,0.9135840202653785,0.7089198159821921,0.9160134957394203,1.0,0.8588601738166837,0.9813156864920671,0.9069985687414074,1.0,0.8826860285218882,0.9326883637885863
in,swish,2025,BraTS20_Training_020.npy,0.7100527611178297,5.0,0.5596500176810182,0.9710047329489735,0.7231603709432896,7.483314773547883,0.8716925242704693,0.6178771235014432,0.724720007629229,1.4142135623730951,0.8277362034770759,0.6445075918813663,0.8347508279196756,3.0,0.7262644603525686,0.9813392002371374,0.9020420978778638,1.4142135623730951,0.8818092314309487,0.923225243086317
in,swish,2025,BraTS20_Training_021.npy,0.17224880323906763,10.63014581273465,0.09452363055317467,0.9692307319526643,0.7569980988267614,3.1622776601683795,0.6958222447991849,0.8299678748546857,0.6882276835373072,1.4142135623730951,0.9743589711143557,0.5319999990327273,0.9076909607947407,1.0,0.91497618466224,0.9005208317699291,0.7999011138062558,2.8284271247461903,0.7461880729431363,0.8619468469155237
in,swish,2025,BraTS20_Training_022.npy,0.8212062862932852,3.0,0.738563143735049,0.9246747999146165,0.8925638513156328,1.0,0.9482404415708651,0.8430628363396202,0.8808515257736365,1.0,0.8901816580373296,0.8717149455195814,0.9350416658043235,1.0,0.9027972709786215,0.9696746595955424,0.9473411191040757,1.0,0.9651633927940979,0.9301651078889425
in,swish,2025,BraTS20_Training_023.npy,0.8964209129998179,1.0,0.8248596132571565,0.9815784703240411,0.8577125946958032,1.0,0.8476077463882664,0.8680612816856641,0.8735179670984125,1.0,0.8723598785111458,0.8746791337782553,0.9519884604656946,0.0,0.9226292360363864,0.9832775913753253,0.917713902800219,1.0,0.8994479972522802,0.9367370711298341
in,swish,2025,BraTS20_Training_024.npy,0.6075141527457394,11.357816691600547,0.5746835431846474,0.6443231426979844,0.8089228493296423,2.23606797749979,0.840165892811277,0.779920149437574,0.8111148047398284,1.7320508075688772,0.6940217130355939,0.9757381850458321,0.8215930669879301,2.23606797749979,0.71751563187528,0.9609865694934451,0.8812745864171493,1.4142135623730951,0.8702664464901831,0.8925647814545694
in,swish,2025,BraTS20_Training_025.npy,0.9568809975794573,0.0,0.9394639551553379,0.9749560393376906,0.8310482200911826,1.4142135623730951,0.8794623300264284,0.787686347394153,0.8951966236875529,1.0,0.9551999076721162,0.8422862919361223,0.9658563739673599,0.0,0.9871576035690054,0.9454550170108064,0.9184068918866176,1.0,0.955199694846576,0.8843433641930455
in,swish,2025,BraTS20_Training_026.npy,0.6358134874675373,4.242640687119285,0.6498175663879883,0.622400272227753,0.8944713192245368,1.0,0.9006406238492696,0.8883859578622041,0.7356102498762345,2.23606797749979,0.7978121300904663,0.6824060691176279,0.8446955935627721,1.7320508075688772,0.8991206711256206,0.7964833043751944,0.9338094111305983,1.0,0.9507570452574314,0.9174553925656636
in,swish,2025,BraTS20_Training_027.npy,0.810983792293288,3.7416573867739413,0.9078932151763629,0.7327674650379933,0.6012345216713753,9.273618495495704,0.9743906872864336,0.43474356195252717,0.8363875161559862,1.0,0.7979116940346589,0.8787619917999987,0.9148231810027218,1.0,0.9242907169856803,0.9055476306312704,0.7164701875757961,7.0,0.9944184370132009,0.5599574176395579
in,swish,2025,BraTS20_Training_028.npy,0.626296489652911,5.744562646538029,0.5204596891512108,0.7861651741552731,0.3206898629194417,5.830951894845301,0.4848650611143963,0.23957113231861327,0.6137430640730791,2.23606797749979,0.5440492913803381,0.7039160829315859,0.7010714558309291,2.449489742783178,0.6065759633142751,0.8304419276566455,0.8567330525390361,1.4142135623730951,0.8896376594932915,0.8261756832677993
in,swish,2025,BraTS20_Training_029.npy,0.7957161959954051,2.0,0.8777318317913064,0.7277179200405587,0.9285784598032504,1.0,0.9440471639747352,0.9136085086790151,0.8849977192111285,1.0,0.8510787566197532,0.921732521045341,0.939727890517192,1.0,0.9341357845088778,0.9453873515666749,0.9383842776750062,1.0,0.9515003767459221,0.9256248633373444
in,swish,2025,BraTS20_Training_030.npy,0.30534947166985754,19.235384061671343,0.22368420924665786,0.48093480343253625,0.8425769767775168,1.7320508075688772,0.8605126746067985,0.8253736821917057,0.8137445719316181,1.0,0.8838835568647202,0.7539187116744088,0.8279414530887986,2.449489742783178,0.8344941106312599,0.821490899000884,0.852192445788166,1.7320508075688772,0.8694269118000556,0.8356279689972012
in,swish,2025,BraTS20_Training_031.npy,0.7469728596054469,3.0,0.8108475588293587,0.6924267827474819,0.8535001246451371,1.0,0.8717421252624715,0.8360059362853822,0.8861818514098138,1.0,0.8809175649420045,0.8915094335499864,0.9158229377456334,1.0,0.9298319471880743,0.9022297869269005,0.9177868610125522,1.0,0.9354522026094672,0.9007763478676101
in,swish,2025,BraTS20_Training_032.npy,0.7818644781568366,4.242640687119285,0.7025549755910068,0.8813586335809941,0.6424695000032694,2.449489742783178,0.8157662615041166,0.5299004508129339,0.7924197394687876,1.0,0.8504653342565457,0.7417913163610076,0.8861964514968421,1.0,0.8812392421794382,0.8912097470895215,0.8895975595532605,1.0,0.9684528298232253,0.8226168341487862
in,swish,2025,BraTS20_Training_033.npy,0.7344969485351944,5.385164807134504,0.620177329714621,0.9004871243902451,0.9355316278056536,1.0,0.9421055308663201,0.929048832775119,0.9072443733940553,1.0,0.9430320438859192,0.87407364470005,0.9571715037557421,0.0,0.93093820532501,0.9849261507450364,0.9547711650499918,0.0,0.9549502527356916,0.9545921444447041
in,swish,2025,BraTS20_Training_034.npy,0.8544482703257315,2.0,0.8088056430022839,0.9055504107491964,0.8709950087676104,1.4142135623730951,0.9289516611726298,0.819845419258194,0.8357686808942663,1.0,0.801882930494522,0.872644660843403,0.9154593030998497,1.0,0.8729576523567949,0.9623113112717331,0.9423499613357339,1.0,0.9527590009115395,0.9321659044262398
in,swish,2025,BraTS20_Training_035.npy,0.5858710946845282,6.324555320336759,0.4346446168735302,0.8984806622078033,0.7165433652264216,3.605551275463989,0.8165088245026155,0.6383855947051142,0.808376022142828,1.0,0.9268403260543895,0.7167628213059756,0.8632918333940337,2.0,0.8162753068336633,0.9160555902609456,0.876925563148329,1.4142135623730951,0.8914883548589074,0.8628309014180164
in,swish,2025,BraTS20_Training_036.npy,0.6866267419386112,4.123105625617661,0.8820512669734827,0.5620914971449729,0.7984131644635062,2.8284271247461903,0.8980828548941353,0.7186563210027718,0.8446380821421546,1.0,0.8260701126746657,0.8640599658345625,0.8846750552623038,1.0,0.8928322879387052,0.8766655263466595,0.8792004994131166,1.0,0.9495412837631265,0.8185624559091867
in,swish,2025,BraTS20_Training_037.npy,0.8306304366713402,1.0,0.8449688617448172,0.8167705134472801,0.8543892275555683,2.0,0.7586179068242638,0.9778355670351802,0.8438871037261592,1.0,0.8494332006054433,0.8384129593366193,0.9361979438423768,1.0,0.9462434128224361,0.9263635225168018,0.8819751043547258,1.7320508075688772,0.7969190936677345,0.9873567228822272
in,swish,2025,BraTS20_Training_038.npy,0.7872402122826292,2.449489742783178,0.7854938264028802,0.7889943801695463,0.8083936735390779,1.7320508075688772,0.8088541572513921,0.8079337136950029,0.8046184449037922,1.4142135623730951,0.8138145609567249,0.7956278387428505,0.8745158455782471,1.4142135623730951,0.8809213004725664,0.8682028701274507,0.9034194942016827,1.0,0.9062548261548533,0.9006018482004186
in,swish,2025,BraTS20_Training_039.npy,0.9177798050960094,1.0,0.8932493525625819,0.9436956134726231,0.8440901137983133,1.4142135623730951,0.9625095169902513,0.7516171992124198,0.8715762465586749,1.0,0.9005925456879834,0.8443713444120092,0.9271506001381906,1.0,0.939899042517668,0.9147433596465159,0.9005306675745728,1.0,0.985073187475156,0.8293526440063399
in,swish,2025,BraTS20_Training_040.npy,0.9400329311786176,1.0,0.9350663068975187,0.9450525973487197,0.9180910512057735,1.0,0.9169679426664881,0.9192169142000836,0.8884554535057417,1.0,0.8543681223514638,0.9253758291158973,0.9578863203983572,0.0,0.9351103238810059,0.9817995007138803,0.9482794178500962,1.0,0.9402932908264577,0.956402362853028
in,swish,2025,BraTS20_Training_041.npy,0.7128798831940957,4.242640687119285,0.6427453010366772,0.8001949291741555,0.9279923067225977,1.0,0.9460464485740768,0.9106143432073059,0.7961876828354457,2.23606797749979,0.9238319579586024,0.6995342377370586,0.8546384218591679,2.0,0.9178070243896043,0.7996051326603348,0.9521023211614326,0.0,0.9790472144150849,0.9266008332873392
in,swish,2025,BraTS20_Training_042.npy,0.9424237810220606,1.0,0.9354481364876898,0.9495042415672573,0.9129389898562966,1.0,0.9627289312148649,0.868045822659178,0.877385875901717,1.0,0.8854150459452403,0.8695010178872195,0.9644557322675001,0.0,0.9651825169322853,0.9637300410743941,0.9560343540867638,0.0,0.9788917820545392,0.9342200254159188
in,swish,2025,BraTS20_Training_043.npy,0.7535033765969318,2.23606797749979,0.7353404157116482,0.7725863122336443,0.7960989762559685,2.0,0.8307707832887761,0.7642052485874582,0.6470801584202391,3.605551275463989,0.6798780461894891,0.6173010359262939,0.8210976473653226,2.23606797749979,0.8222164536436329,0.8199818806522818,0.8498218618203875,1.4142135623730951,0.8794517617677597,0.8221234294507546
in,swish,2025,BraTS20_Training_044.npy,0.24682395420304942,5.477225575051661,0.3383084492958097,0.19428571151020413,0.7436679172303975,5.0,0.7316566677828469,0.7560801139985216,0.7590479270979852,1.4142135623730951,0.8243626003940326,0.7033232585901918,0.6936915310777368,2.23606797749979,0.7971334024413814,0.6140127362462303,0.7968966325861663,4.123105625617661,0.7965013050671012,0.797292352309188
in,swish,2025,BraTS20_Training_045.npy,0.8456172466634206,1.0,0.8092677617150388,0.8853856825398998,0.85601387555509,1.0,0.8515385810670077,0.8605364585173872,0.9004249118732032,1.0,0.9382653575199207,0.8655183679070348,0.9583958053012779,0.0,0.9746237247709137,0.9426994392509358,0.9466371662360465,1.0,0.9541207803003529,0.9392700334041586
in,swish,2025,BraTS20_Training_046.npy,0.3150984613764013,5.916079783099616,0.4417177643117936,0.24489795085381122,0.590506153309798,14.45683229480096,0.4581586352138996,0.8303752663142793,0.7837097851344634,1.4142135623730951,0.843773022521938,0.7316293882962979,0.7878070411725153,1.4142135623730951,0.875657888975935,0.715976327509541,0.6183160900445334,14.142135623730951,0.48841560715194104,0.8423500375653237
in,swish,2025,BraTS20_Training_047.npy,0.783131394828783,3.3166247903554,0.6870557114607189,0.9104451450620202,0.762528577357783,5.0990195135927845,0.6842718004537195,0.8609964805436167,0.8560423253764118,1.0,0.8924096119207495,0.8225230412377526,0.9045830202099855,1.0,0.8704173760771106,0.9415403863232412,0.8913692470424016,1.4142135623730951,0.8270123605044459,0.9665876797273996
in,swish,2025,BraTS20_Training_048.npy,0.7770700609445503,2.23606797749979,0.7732394311743702,0.7809388280160823,0.591746826049439,8.94427190999916,0.44029792829533015,0.9020106485718743,0.7035755458374408,2.0,0.5977461999130514,0.8549404284867524,0.8207816955500767,1.4142135623730951,0.7463160914582025,0.911754320819787,0.6716829021001718,8.324616783644617,0.5129108380885424,0.9728204456585233
in,swish,2025,BraTS20_Training_049.npy,0.3604465680985122,6.324555320336759,0.22487561965297892,0.9076304856373298,0.9160886739597566,1.0,0.8949582331207051,0.9382410448603733,0.8635467969660754,1.0,0.9608111785124385,0.7841646146630181,0.9505013858006173,0.0,0.9572410808825933,0.9438559302036951,0.9258115662998682,1.0,0.9068170670250818,0.9456188201413761
in,swish,2025,BraTS20_Training_050.npy,0.7813903598609991,3.3166247903554,0.6656767559492641,0.9457968188308192,0.6210985897040832,13.19090595827292,0.8484042546353932,0.4898557466310583,0.8533130376730588,1.0,0.889713026854404,0.8197743819924272,0.9134542522439779,1.0,0.859820317349103,0.9742244994541879,0.9353458099542036,1.0,0.9433730937979395,0.927453983762216
in,swish,2025,BraTS20_Training_051.npy,0.8495700308050772,1.0,0.8105192159799524,0.8925742552164003,0.9258237404611165,1.0,0.954920396770216,0.8984478172749563,0.890667922105538,1.0,0.8659290340588104,0.9168619205648688,0.9471608133563448,1.0,0.916486270413304,0.979959797173686,0.9406254903239053,1.0,0.9615201117906128,0.9206196689857826
in,swish,2025,BraTS20_Training_052.npy,0.8732932293771668,1.0,0.8220384669745848,0.9313645602212535,0.8377461196469059,1.4142135623730951,0.9701176936085707,0.7371612196880005,0.8657742212310744,1.0,0.9057737702234667,0.8291580697228038,0.9480146810316935,1.0,0.9546401445100194,0.9414805481201667,0.8988082388408666,1.0,0.9902618532543278,0.8228185125693565
in,swish,2025,BraTS20_Training_053.npy,0.7121848735933449,5.385164807134504,0.5906413336176543,0.896712431166756,0.9411339180387749,1.0,0.9600320833398811,0.9229654076184076,0.8379950996131099,1.0,0.9062706989332406,0.7792861203917922,0.8741915923418068,2.0,0.8195727342051192,0.9366101873346993,0.9602879489094652,0.0,0.9680902143574768,0.9526104417027701
in,swish,2025,BraTS20_Training_054.npy,0.8360910756356307,1.0,0.8888888875524149,0.7892137220808788,0.8083348488128641,1.7320508075688772,0.7308261490848638,0.9042346031609164,0.902953586345493,1.0,0.869268514324483,0.9393545665135532,0.9462066708978898,1.0,0.927800341778591,0.9653580958170156,0.9125490456266178,1.0,0.8576786048055904,0.9749200709094251
in,swish,2025,BraTS20_Training_055.npy,0.7716314700321142,5.196152422706632,0.6346449421539426,0.984032409475614,0.9367943324744504,1.0,0.953665382626448,0.9205098286476575,0.8649821055932209,1.0,0.9660852701476681,0.7830355382063268,0.9472961841383145,1.0,0.935103643859163,0.9598108740371222,0.9475804327950266,1.0,0.9608019362365585,0.93471786961453
in,swish,2025,BraTS20_Training_056.npy,0.8111646283739875,3.605551275463989,0.7707110997762132,0.8561001031594108,0.693406995886516,3.3166247903554,0.592942537315396,0.8348605166396115,0.8785417792639997,1.0,0.8616310452402182,0.8961295959795068,0.9256468720588138,1.0,0.900067478262245,0.9527226961828772,0.8865092343788467,1.4142135623730951,0.8204376745742914,0.9641546198023848
in,swish,2025,BraTS20_Training_057.npy,0.809644240752581,3.0,0.7624642719515266,0.8630481636842265,0.9054009819362437,1.0,0.8620768613184143,0.9533100749861703,0.8576041325704423,1.0,0.9251131999011806,0.7992777602575206,0.9138008399976336,1.0,0.9522190095628134,0.8783624806851522,0.9298424870884321,1.0,0.8962277720843824,0.9660770303128597
in,swish,2025,BraTS20_Training_058.npy,0.03636363633642826,16.583123951777,0.023182598718581762,0.08428720054010683,0.6276773530328505,13.416407864998739,0.5522446446133593,0.726977305691839,0.658471544287173,7.280109889280518,0.7546213465196462,0.5840544587699845,0.3932498258896138,12.409673645990857,0.3287376379704842,0.48926406884046403,0.6631487693224813,12.083045973594572,0.5779768291782947,0.7777614050486618
in,swish,2025,BraTS20_Training_059.npy,0.43749999658203126,4.242640687119285,0.31076581231114525,0.7387862601903362,0.7736354351822369,4.358898943540674,0.841979450265473,0.7155534960740062,0.7256294360050696,2.8284271247461903,0.9590443604177102,0.5835929357030482,0.8565555028402113,1.0,0.9044862474457971,0.8134490203321083,0.7977470192786646,4.123105625617661,0.8661547955605545,0.7393538185491045
in,swish,2025,BraTS20_Training_060.npy,0.9137992193320601,1.0,0.9120819256389139,0.915522991461795,0.8729649993753649,1.0,0.8447559609149313,0.9031230985797762,0.8305326115549607,1.0,0.9015582482676489,0.7698806628102859,0.9439079112917335,1.0,0.9807703443438255,0.9097160660515979,0.9354486028094964,1.0,0.9316423486272717,0.9392860856120172
in,swish,2025,BraTS20_Training_061.npy,0.7969899935524767,2.449489742783178,0.7006397198304163,0.924065194776481,0.6385439184280035,26.13426869074396,0.8506363016066493,0.5111075333941504,0.7882156748275322,1.0,0.8683404763191359,0.721628497809633,0.9179535582714919,1.0,0.9064876950734618,0.9297131924055732,0.86647690497553,7.0,0.9624431133114045,0.7879132511910611
in,swish,2025,BraTS20_Training_062.npy,0.9128836948647955,1.0,0.8628548576255224,0.9690710070339204,0.8999716126659884,1.0,0.9308792343069023,0.871050462407928,0.8966557098856102,1.0,0.9864313436000294,0.8218579836861555,0.9592587257228615,0.0,0.99601204342964,0.9251213096038223,0.9473215771612243,1.0,0.9811830604632329,0.9157193050986294
in,swish,2025,BraTS20_Training_063.npy,0.5467336655943031,2.23606797749979,0.7092568356029096,0.4448078459132637,0.817818544719908,1.4142135623730951,0.8956634166544029,0.7524231277135502,0.7413441940094824,1.4142135623730951,0.807453412566755,0.6852409612754481,0.8246376799642933,1.4142135623730951,0.9417411421988044,0.7334364508032059,0.8708249772246647,1.0,0.9631357545215024,0.7946614496152827
in,swish,2025,BraTS20_Training_064.npy,0.8460988697144745,2.8284271247461903,0.7830317704125396,0.920215008189235,0.5075688305379318,10.723805294763608,0.7853370216389983,0.37495121720304064,0.7793619888004549,1.4142135623730951,0.7368734067581779,0.8270502222418785,0.9132819457877701,1.0,0.8532867814376885,0.9823517545982896,0.8417129214134467,3.3166247903554,0.8720555235743823,0.8134108232028454
in,swish,2025,BraTS20_Training_065.npy,0.7805695098795672,3.1622776601683795,0.6839530265758021,0.9089726799873514,0.7335518877207114,5.744562646538029,0.9230003314574936,0.6086290446744946,0.876307486507874,1.0,0.944862152005506,0.8170278612475917,0.9267980535874097,1.0,0.9491480971188778,0.905476366828016,0.7709311872604809,4.58257569495584,0.9423833610606347,0.652262116314956
in,swish,2025,BraTS20_Training_066.npy,0.8829811748882204,1.0,0.8454973501390564,0.9239427545844304,0.9082339315682415,1.0,0.8964610669616246,0.9203201274595568,0.8107444011778945,1.0,0.8377380255767594,0.7854360519525687,0.9100316923517134,1.0,0.9100316920574143,0.9100316920574143,0.9408895558239913,1.0,0.9318784519480636,0.9500766328075089
in,swish,2025,BraTS20_Training_067.npy,0.7992695599572648,2.8284271247461903,0.6831279008459037,0.962992213739149,0.9323980112420897,1.0,0.9105323364667146,0.9553396972931195,0.876145964232699,1.0,0.9872169955497065,0.7875403946902907,0.9617775536287834,0.0,0.9895134104492772,0.935554163120542,0.960000733046817,0.0,0.9533438286859154,0.9667512572355694
in,swish,2025,BraTS20_Training_068.npy,0.8281432184887115,4.358898943540674,0.7346856389470756,0.9488432708055763,0.8079422653956128,2.0,0.9053687861354184,0.7294466805180301,0.842324767643507,1.0,0.8880851057531312,0.8010491294773228,0.907188535186503,1.0,0.8678577743770688,0.9502534135163981,0.9371196753768559,1.0,0.9595557562292206,0.9157088121086548
in,swish,2025,BraTS20_Training_069.npy,0.8346199522462528,2.449489742783178,0.728313814525695,0.977263245044317,0.74002877006615,11.74734012447073,0.6267241088062991,0.9033430143146464,0.8348113985944153,1.0,0.9033331195039773,0.7759520795867714,0.9291935769198919,1.0,0.8979358123914409,0.9627060373361043,0.8099891583873242,9.1104335791443,0.7079867917554278,0.9463306345480691
in,swish,2025,BraTS20_Training_070.npy,0.5997385301147005,6.4031242374328485,0.43751940716075083,0.9531310388933794,0.6598508723460967,3.7416573867739413,0.7653352350368513,0.5799216320159702,0.736723083729648,1.4142135623730951,0.8180962090417514,0.6700732737690749,0.7962478754091633,3.1622776601683795,0.6904154620273152,0.9403999069943643,0.906507224281405,1.0,0.889168023685996,0.9245361194515337
in,swish,2025,BraTS20_Training_071.npy,0.1683730180960785,22.825424421026653,0.24079651900803797,0.12944139594365262,0.8800681318116217,1.4142135623730951,0.9011773019109599,0.8599252494056597,0.8110270837095379,2.449489742783178,0.7337311052237621,0.9065264390539352,0.6151567636581176,18.708286933869708,0.660681548225665,0.5755013852916719,0.9326244995698119,1.0,0.9607025507079148,0.9061410932424239
in,swish,2025,BraTS20_Training_072.npy,0.7424166801184403,3.0,0.6312116920026293,0.9011847053026593,0.5801404173278011,5.916079783099616,0.8545340586152719,0.43913329910853766,0.8931216630233637,1.0,0.9000941966431381,0.8862563235283146,0.9451526294536524,1.0,0.9179192775936895,0.9740513390592328,0.7786745256087584,3.605551275463989,0.9261075811037902,0.67173645480117
in,swish,2025,BraTS20_Training_073.npy,0.7413041749930241,1.7320508075688772,0.6263221306382084,0.9079968926475216,0.8537256130874091,1.0,0.8382384919035019,0.869795779882735,0.7757557673151573,2.0,0.8246300202699471,0.7323507315693291,0.9396022359882681,1.0,0.9083820657402197,0.9730447981694225,0.9208624814846209,1.0,0.8988746375931905,0.9439530108876576
in,tanhexp,2025,BraTS20_Training_001.npy,0.8586533108085533,1.7320508075688772,0.8992423746038708,0.8215701349928591,0.8846700110468215,1.4142135623730951,0.808993851531803,0.9759652703205615,0.884567082801129,1.0,0.9140292693698979,0.856944913532631,0.9358594080001941,1.0,0.9717031374385311,0.902565977479929,0.9211411341528182,1.0,0.8656892523507845,0.9841831649301451
in,tanhexp,2025,BraTS20_Training_002.npy,0.8625843775975968,3.3166247903554,0.976528383213397,0.7724525036507319,0.8116414434690086,2.0,0.9174220712873223,0.7277324177757573,0.8477053041725358,1.0,0.8503588321112249,0.845068283998379,0.9097671121019607,1.0,0.9810299821878987,0.848156301129248,0.8694242011111941,1.4142135623730951,0.9721368234229566,0.786342016853818
in,tanhexp,2025,BraTS20_Training_003.npy,0.6916426463138138,3.3166247903554,0.6548431015710354,0.7328244162927571,0.6888935049354498,5.0990195135927845,0.7630771587808417,0.6278556100505315,0.858870324806889,1.0,0.9002668415601506,0.8211134748368923,0.9068161072503375,1.0,0.9324577836171059,0.8825469282533056,0.7263947676951155,4.47213595499958,0.7973965844273504,0.6670034235092879
in,tanhexp,2025,BraTS20_Training_004.npy,0.7672187317148951,4.0,0.6784848477995102,0.8826544009426355,0.9473798400616052,1.0,0.9683701330660498,0.9272802079890529,0.8969755891187279,1.0,0.9279402249242473,0.8680107521048315,0.9326480811650762,1.0,0.9066291612130529,0.9602045349220967,0.9579566562973191,0.0,0.9672800782602922,0.9488112516151019
in,tanhexp,2025,BraTS20_Training_005.npy,0.64953987605533,29.283097197333092,0.5073375246860211,0.9025039909296537,0.5575473614203021,7.54983443527075,0.44017368858125816,0.760277775665895,0.7716604514303244,25.317977802344327,0.7131562936213701,0.8406212654233916,0.8514412413220871,25.317977802344327,0.7560772428958143,0.974333950449562,0.7877968137097093,5.477225575051661,0.6747155430805151,0.9464143851040555
in,tanhexp,2025,BraTS20_Training_006.npy,0.5806226925609032,5.0990195135927845,0.4205004033391342,0.9376827885965323,0.9132186622439649,1.0,0.8719924432056556,0.9585365283432652,0.8197780089961393,1.0,0.9311312431126709,0.7322132204607972,0.9215417587902109,1.0,0.8787580967436323,0.9687046017362163,0.9311015460341513,1.0,0.8886834398710217,0.9777719726600195
in,tanhexp,2025,BraTS20_Training_007.npy,0.8476277359373058,13.152946437965905,0.8201883436721944,0.8769666429296203,0.8872692089192502,1.0,0.9137163729944482,0.8623099824910484,0.8838641697999318,1.0,0.8853710003484803,0.8823624581191546,0.9305841919478804,1.0,0.9208956775966353,0.9404787337673876,0.9224020757540587,1.0,0.9409584791032952,0.904563410099953
in,tanhexp,2025,BraTS20_Training_008.npy,0.28076256012543227,12.86848234229524,0.5159235340176093,0.19285713826530623,0.7990050928712799,1.7320508075688772,0.9464380355583981,0.6913144469185383,0.864013988351491,1.0,0.8158546588286155,0.9182156048492974,0.8121508351531046,1.0,0.8501461926158904,0.7774064119157326,0.810668222240597,1.4142135623730951,0.9556857934528343,0.703862755306584
in,tanhexp,2025,BraTS20_Training_009.npy,0.7128785253928819,9.1104335791443,0.7306751850723003,0.6959281794395883,0.8364340624090371,2.0,0.8681074633339049,0.8069905472959188,0.71326613727999,4.123105625617661,0.5762558691231496,0.9357493776125345,0.824898491277713,4.242640687119285,0.7259792542683322,0.955026911234642,0.9102831487948908,1.0,0.8816318767573605,0.9408591899541279
in,tanhexp,2025,BraTS20_Training_010.npy,0.6463527179468816,3.974165738677359,0.6717850158966407,0.6227757896303241,0.8057064177049763,2.23606797749979,0.8492756737040675,0.7663893670378139,0.8845882622544948,1.0,0.8720840400554858,0.8974562783824225,0.9027878081014099,1.0,0.8936231042413167,0.9121424388322499,0.8361579471158426,2.0,0.8728761790744832,0.8024041759452604
in,tanhexp,2025,BraTS20_Training_011.npy,0.47311495600569387,5.0,0.33260916721136397,0.8191546237605424,0.9037620694908268,1.0,0.9318368590641158,0.877329501298258,0.780718595186013,1.0,0.9859715951056952,0.6461975021042027,0.9180281150655262,1.0,0.9313867197346182,0.9050472882245086,0.9237325495110459,1.0,0.9494392627441303,0.8993811923848443
in,tanhexp,2025,BraTS20_Training_012.npy,0.7147147133732832,2.449489742783178,0.8253142573675151,0.630254880402996,0.8054517376171134,4.69041575982343,0.7683275689473859,0.8463455926787953,0.8293368459997041,1.0,0.7903900874093587,0.8723207670504052,0.9128223533101045,1.0,0.921256037534715,0.9045416804167655,0.8751384453587956,2.23606797749979,0.8474496070005837,0.9046977602610885
in,tanhexp,2025,BraTS20_Training_013.npy,0.880475433741239,1.0,0.8186928345858491,0.9523440086973911,0.8351260477361399,1.7320508075688772,0.8629732106455247,0.8090198965927723,0.7036138415226487,2.0,0.6820995278977481,0.7265295339490254,0.8936745883386931,1.0,0.8407980730369466,0.9536480679253624,0.9009336154341007,1.0,0.9048317829679466,0.8970688915496214
in,tanhexp,2025,BraTS20_Training_014.npy,0.6147226418102555,3.0,0.5746901494078168,0.6607499991740625,0.8138129732619515,2.23606797749979,0.9370450407686827,0.7192265160168743,0.8412402933620784,1.0,0.8944243378791991,0.7940261040190633,0.9094193640908325,1.0,0.92697715909271,0.8925143263278961,0.8803394560488117,1.4142135623730951,0.9743828011936632,0.8028515850506113
in,tanhexp,2025,BraTS20_Training_015.npy,0.3278809718807125,10.63014581273465,0.20449567699769952,0.8266542365952737,0.932904912276581,1.0,0.9551156954785692,0.9117036563138269,0.8700460824776113,1.0,0.8913574751262414,0.8497299577997142,0.7733889152007829,4.242640687119285,0.6402104425862927,0.9765294667559501,0.945482953369437,1.0,0.9418455226047519,0.9491485886803609
in,tanhexp,2025,BraTS20_Training_016.npy,0.042407994135856,11.045361017187261,0.021710455947484775,0.9089552103141014,0.8253642857821464,1.7320508075688772,0.9321381202815299,0.7405377426690694,0.6249304798392139,2.23606797749979,0.9916353303724693,0.4562208725970128,0.8067812088579854,3.3166247903554,0.6880872399863475,0.9749603362851071,0.9152798961136888,1.0,0.9518482948965766,0.8814173353975656
in,tanhexp,2025,BraTS20_Training_017.npy,0.6529501779859291,3.987082869338415,0.5477107394840811,0.8082508928472935,0.9060319056292554,1.0,0.9508919669073912,0.8652138648440606,0.8572359837958045,1.0,0.9461793050134131,0.7835776417785989,0.8838462102856446,1.0,0.8579512887837025,0.9113529136270333,0.9293676328121744,1.0,0.9650779571900023,0.8962057539920815
in,tanhexp,2025,BraTS20_Training_018.npy,0.1628883284513504,13.559108170291674,0.5689149393280077,0.09505144490420654,0.7515934267074507,4.69041575982343,0.8565035297698926,0.669579045711959,0.6476953894835764,14.035668847618199,0.9533923247587474,0.49044005920959005,0.5387954414829145,13.564659966250536,0.9754420384310313,0.37218890484972095,0.7609812195307356,4.358898943540674,0.8909198783937108,0.6641207088993772
in,tanhexp,2025,BraTS20_Training_019.npy,0.6464161360028718,3.7416573867739413,0.5015837520946677,0.9088453732126176,0.7804747821627084,2.23606797749979,0.8173333329817921,0.7467971387460516,0.791155465669678,1.0,0.880566594435375,0.7182279106323433,0.91631603529263,1.0,0.8585194914787952,0.9824561398037003,0.9003417508543382,1.0,0.8962714339118497,0.9044492060310939
in,tanhexp,2025,BraTS20_Training_020.npy,0.7262750294572523,5.0,0.5834257451446697,0.9617571246619459,0.7155879140359965,6.6332495807108,0.887586468313691,0.5994291498726042,0.7120079114610393,1.7320508075688772,0.7564050574127603,0.6725335953220145,0.826966758141235,3.605551275463989,0.7138521605829474,0.9826786991441824,0.8973007008380567,1.4142135623730951,0.883077546714364,0.9119895212258673
in,tanhexp,2025,BraTS20_Training_021.npy,0.23302220716761438,8.366600265340756,0.13578394547717948,0.8208616593908922,0.7129399546206022,5.744562646538029,0.6163390937137007,0.8454501469651009,0.6882002375587601,1.4142135623730951,0.9613719581705895,0.5359198059478006,0.8901452545097458,1.0,0.9026283279191598,0.8780027438606679,0.7656328812855367,4.58257569495584,0.679499701372972,0.876772273454657
in,tanhexp,2025,BraTS20_Training_022.npy,0.8170903951195753,3.0,0.7454896901212229,0.9039062491172791,0.8861978841460861,1.0,0.9498946130172901,0.8305068928991796,0.8789551036080654,1.0,0.8697656545361035,0.888340806676939,0.927635948545117,1.0,0.8889251555671491,0.9698717945263989,0.9457168126913131,1.0,0.9653689184994614,0.9268488631373453
in,tanhexp,2025,BraTS20_Training_023.npy,0.8938219204326925,1.0,0.8310821052798876,0.966807907897585,0.8422195676311826,1.4142135623730951,0.8217146243922047,0.8637740552103644,0.863927279072476,1.0,0.851604644005116,0.8766117638808361,0.9441963622817694,1.0,0.9108752705061764,0.9800478844741557,0.906235912734005,1.0,0.879945529051882,0.9341456486216935
in,tanhexp,2025,BraTS20_Training_024.npy,0.6331322698910682,30.59411708155671,0.572346639586472,0.7083634593676466,0.8167094544692157,2.0,0.8795740031267794,0.7622315564156907,0.7242047518933294,4.58257569495584,0.5758308440829513,0.9755823285336689,0.7625096315963038,5.0990195135927845,0.6225407958584182,0.983673714691443,0.8854588802713432,1.0,0.8822801225085734,0.8886606261784492
in,tanhexp,2025,BraTS20_Training_025.npy,0.9525902666267424,0.0,0.9346888473327742,0.9711907805318017,0.8170700957114132,2.23606797749979,0.8871276826305498,0.7572677134143606,0.8883324712493992,1.0,0.9361555664910483,0.8451579488114148,0.9583394473329055,0.0,0.9732043672347653,0.9439217950954112,0.9070604019297616,1.0,0.9528166998988498,0.8654973652542491
in,tanhexp,2025,BraTS20_Training_026.npy,0.5382978721359051,6.0,0.6304173706234606,0.469667837651881,0.8830250781759874,1.0,0.8854815123678379,0.8805822351182695,0.7178170526395555,2.23606797749979,0.7616573742348127,0.6787488705665655,0.8262107516814415,2.23606797749979,0.9059376161011835,0.7593815272720027,0.927783248233522,1.0,0.9473681261827682,0.9089917230512206
in,tanhexp,2025,BraTS20_Training_027.npy,0.7933592366183786,3.7416573867739413,0.9084710494528244,0.704138301053262,0.6011668785547785,9.0,0.9745361947436555,0.4346438807598676,0.8416341298156893,1.0,0.7909904529886692,0.8992064024288093,0.9183164456511463,1.0,0.9272419624100886,0.9095611221254637,0.7174423003774152,6.6332495807108,0.995783819320042,0.5607120528074288
in,tanhexp,2025,BraTS20_Training_028.npy,0.8078875107680443,1.4142135623730951,0.8453769792001098,0.7735818980663132,0.3533316939062382,5.196152422706632,0.5240700209262035,0.26650593447097004,0.6320973001292808,2.0,0.5758296394164635,0.7005523399519301,0.8129112693728229,1.4142135623730951,0.7827130847120761,0.8455331406012009,0.8469717777575269,1.7320508075688772,0.9335384310315761,0.7750973075027987
in,tanhexp,2025,BraTS20_Training_029.npy,0.755496686740406,4.123105625617661,0.8422917847472429,0.6849183444528417,0.9228553136183263,1.0,0.9442655165048555,0.9023944909485115,0.8936667858099435,1.0,0.8712506562510952,0.9172668496449367,0.9343898993120745,1.0,0.9408980241535055,0.9279711872376002,0.9358878724089444,1.0,0.9557986237661307,0.9167897358752092
in,tanhexp,2025,BraTS20_Training_030.npy,0.30455125348978623,19.849433241279208,0.20480549081919056,0.5936981659419873,0.8313736589865904,2.8284271247461903,0.8030117450621146,0.8618123773972968,0.7923480864273458,1.4142135623730951,0.8588388341863087,0.7354128941158433,0.8239270449436088,6.164414002968976,0.8180321630770772,0.8299075015032021,0.8411655209986604,2.449489742783178,0.8142723400865448,0.8698957917913368
in,tanhexp,2025,BraTS20_Training_031.npy,0.7302559907882245,3.3166247903554,0.8102432379358767,0.6646424579692125,0.8429761232709093,1.4142135623730951,0.8605318283993183,0.8261224044595205,0.8472908801053717,1.4142135623730951,0.7949643571582141,0.9069912929946347,0.8838268791125451,1.4142135623730951,0.8644002382681121,0.9041467886590288,0.9100003659454415,1.0,0.9153270338795769,0.9047353353907215
in,tanhexp,2025,BraTS20_Training_032.npy,0.7788297794572374,3.7416573867739413,0.726706494563739,0.839007923629281,0.6295442154264145,2.449489742783178,0.8276736484810655,0.5079504699181606,0.7881089179175074,1.0,0.8247411891407077,0.7545924217809105,0.8833294901765824,1.0,0.8791738377055801,0.887524614335964,0.8813391406812983,1.0,0.9735471694439445,0.8050865967217704
in,tanhexp,2025,BraTS20_Training_033.npy,0.7376612445753917,4.58257569495584,0.6303618492327321,0.8889827629452809,0.932503092987974,1.0,0.9319289674928073,0.933077926217285,0.910241656801453,1.0,0.9387844331696018,0.8833832946080155,0.9552087296546105,0.0,0.9272839248912815,0.9848676459880216,0.951944028357088,0.0,0.9459468275203109,0.9580177575091458
in,tanhexp,2025,BraTS20_Training_034.npy,0.8182826482967621,3.4641016151377544,0.7716857208602843,0.8708685621659885,0.858421578335822,1.4142135623730951,0.9222117281441118,0.8028853339806239,0.8176175381190312,1.7320508075688772,0.7602537860170882,0.8843443477362422,0.8907495159332134,1.4142135623730951,0.8336334331813641,0.9562678496133548,0.9421435585839392,1.0,0.9480851341609333,0.9362759898912651
in,tanhexp,2025,BraTS20_Training_035.npy,0.5528399309945955,6.48074069840786,0.40240541200935215,0.8829026929788321,0.6955759169168139,3.7416573867739413,0.8251542542598815,0.6011708743397702,0.794251586264604,1.0,0.8770093146166807,0.7257657409353415,0.8364314788742162,2.8284271247461903,0.7672378026951464,0.9193428114636749,0.8640945023959364,1.7320508075688772,0.8777798221862967,0.8508293626454468
in,tanhexp,2025,BraTS20_Training_036.npy,0.5523710236979102,5.385164807134504,0.905982890496019,0.3973013463470664,0.7760482397157723,3.1622776601683795,0.9146099593272258,0.673946577353295,0.8335675558787718,1.0,0.8041836126202139,0.8651802440817249,0.8884774001443672,1.0,0.9182324270733605,0.8605902480668673,0.8617539217221392,1.4142135623730951,0.9671478676692203,0.7770731703105295
in,tanhexp,2025,BraTS20_Training_037.npy,0.8372042656936797,1.0,0.844750354151917,0.8297917999251,0.8530353337676543,2.0,0.756761790019383,0.9773747674157066,0.8521526626708285,1.0,0.8245357807743683,0.8816836462544184,0.9433872603098715,1.0,0.9280129181845942,0.9592795954494708,0.8792763930192862,1.7320508075688772,0.7908634445273905,0.9899452854718567
in,tanhexp,2025,BraTS20_Training_038.npy,0.7566657037459498,3.605551275463989,0.7581983017378489,0.7551392884196548,0.7915203791777441,2.23606797749979,0.7905904550277533,0.7924524933905874,0.7859411478480657,2.0,0.7750674130781716,0.7971243276742366,0.84820187045737,2.0,0.840512864897017,0.856032852500581,0.9034634407923064,1.0,0.8996911195918708,0.9072675290726455
in,tanhexp,2025,BraTS20_Training_039.npy,0.8925276361960538,1.0,0.8670865619071599,0.9195067632822286,0.839437293157529,1.4142135623730951,0.9622658745356277,0.7444161717217,0.8768791623684571,1.0,0.8981755801511184,0.8565692610182398,0.9233018323700459,1.0,0.9298559254759408,0.9168394852152429,0.8955407843557212,1.0,0.980849709567267,0.823883885047644
in,tanhexp,2025,BraTS20_Training_040.npy,0.937089845047284,1.0,0.9392930728909531,0.9348969284103403,0.917543419668476,1.0,0.9192070339228652,0.9158858161746617,0.8888551009168628,1.0,0.8528259416251976,0.9280627745597756,0.9591341000501138,0.0,0.9383955821574603,0.9808099746777366,0.9472896972243594,1.0,0.9419218584304831,0.9527190672468809
in,tanhexp,2025,BraTS20_Training_041.npy,0.6938246715217725,4.358898943540674,0.6289144033692212,0.773675759956097,0.9238620666073448,1.0,0.9439674113545912,0.9045952992687375,0.7856530922464715,2.449489742783178,0.900143959036587,0.6970004046443045,0.8372587500665445,2.23606797749979,0.8923559654036818,0.7885696674200342,0.9466065838157197,1.0,0.97397890550379,0.9207307279281677
in,tanhexp,2025,BraTS20_Training_042.npy,0.9431201078593885,1.0,0.9313192341735553,0.9552238801036906,0.9101105692715625,1.0,0.9651280661738433,0.8610273722232522,0.8787289736726721,1.0,0.8789339965370799,0.8785240459792061,0.9665578488848472,0.0,0.9605333739595541,0.9726583716669706,0.9551831089438023,0.0,0.9766514887801091,0.9346382479800311
in,tanhexp,2025,BraTS20_Training_043.npy,0.7789194555530666,2.23606797749979,0.6936245558960557,0.8881330287524992,0.7818325725767783,3.0,0.7809776937788993,0.782689324707435,0.4711714049799859,5.0990195135927845,0.3441310962495004,0.7468982568494767,0.756131635550969,2.449489742783178,0.6321048525407412,0.9407106972948809,0.828091053645874,2.23606797749979,0.7994068768069125,0.8589103224081667
in,tanhexp,2025,BraTS20_Training_044.npy,0.2672811018850829,5.830951894845301,0.21641790506423123,0.3493975763294146,0.6915183244004433,7.3484692283495345,0.6666474384710156,0.7183168620061428,0.7712639756988682,1.4142135623730951,0.8059490027907295,0.7394411907768603,0.7645752338573703,2.23606797749979,0.7590959164327679,0.7701342238806811,0.735625354272389,6.164414002968976,0.7111749343544779,0.7618168592259233
in,tanhexp,2025,BraTS20_Training_045.npy,0.8470280275659108,1.0,0.8015345572731183,0.8979964796954133,0.8477864749329158,1.0,0.8570909654773776,0.8386818318171316,0.8996981204475,1.0,0.9350268189112876,0.8669419159081021,0.9595340065070291,0.0,0.970878807159769,0.9484512733095621,0.9442238568427536,1.0,0.9550614047057577,0.9336295070840345
in,tanhexp,2025,BraTS20_Training_046.npy,0.20612813083387005,6.557438524302,0.4539877022093434,0.13333333093093097,0.6131314972436382,10.392304845413264,0.48271207843239555,0.8401139539983437,0.8042059434220233,1.0,0.8172439143902438,0.791577439032281,0.7520138068123883,1.7320508075688772,0.8598684153956025,0.6682004055817975,0.6460398585658355,10.04987562112089,0.5182433546535019,0.8574940808334119
in,tanhexp,2025,BraTS20_Training_047.npy,0.8457364339595249,2.449489742783178,0.793585716384994,0.9052234580783619,0.7918587095677848,2.449489742783178,0.7037226338552797,0.905232398702359,0.8522520077675433,1.0,0.8836911343758973,0.822973051387296,0.9280962938745728,1.0,0.917890306056953,0.9385317934624683,0.8939157188982444,1.4142135623730951,0.8364862827226044,0.9598121626401158
in,tanhexp,2025,BraTS20_Training_048.npy,0.7540549461964418,2.23606797749979,0.8021126704076572,0.7114303515838204,0.6714851721283502,5.830951894845301,0.5424004963370314,0.8811999742350791,0.6339481068022879,2.23606797749979,0.496815284190028,0.8756476608320582,0.8035369762001013,1.430105424632653,0.7220456494595618,0.9057629543103916,0.7379087014022963,5.385164807134504,0.6039878242744322,0.9481370122687979
in,tanhexp,2025,BraTS20_Training_049.npy,0.33851185332369704,5.744562646538029,0.20597014720427714,0.9495412408467321,0.9175110574067641,1.0,0.9055139981139478,0.9298302803671827,0.8563085523101247,1.0,0.9643737983985371,0.770021880153125,0.9497987704407977,1.0,0.9634722798378336,0.9365079345519884,0.9267732872214269,1.0,0.9168074399366415,0.9369581761426872
in,tanhexp,2025,BraTS20_Training_050.npy,0.8291069814122617,2.449489742783178,0.7338378067578989,0.9528029063648217,0.6405449427985946,11.916375287812984,0.8715344931725222,0.5063445238065531,0.8517374756922238,1.0,0.8844011139196731,0.8214006375003307,0.9353569955169095,1.0,0.8950435546643027,0.9794732120471197,0.9305511248972278,1.0,0.9499757348535189,0.9119049661139491
in,tanhexp,2025,BraTS20_Training_051.npy,0.8420931028738673,1.4142135623730951,0.8192852307950433,0.8662072222761236,0.9250996579348933,1.0,0.9426338254746737,0.9082058928937646,0.8931252698820309,1.0,0.8669210218489729,0.92096303427289,0.9462725083740182,1.0,0.919049788698274,0.9751571560836816,0.9403307148309514,1.0,0.9516739326353809,0.929254716679176
in,tanhexp,2025,BraTS20_Training_052.npy,0.8688931289418959,1.0,0.8184432845255379,0.9259711187187897,0.831650983604508,1.4142135623730951,0.9696788346420592,0.7280215663537452,0.867000671005113,1.0,0.9007297693703266,0.835706461380358,0.9492309235785561,1.0,0.9517505537586516,0.946724598297644,0.8927750279311849,1.0,0.986631952889743,0.8152239113010189
in,tanhexp,2025,BraTS20_Training_053.npy,0.7145011428153422,5.385164807134504,0.6093088852490592,0.8635936019948335,0.9418744373260785,1.0,0.9524924803727698,0.9314905165326788,0.8465328172662325,1.0,0.8820931763280049,0.8137284847604355,0.8752852865863758,2.0,0.817488512710204,0.9418763297812169,0.9574512594194875,0.0,0.9575267857710942,0.9573757449157888
in,tanhexp,2025,BraTS20_Training_054.npy,0.8416451699328997,1.0,0.8830251076785068,0.8039698825407667,0.791191160004245,1.7320508075688772,0.7181884379699353,0.8807143883391287,0.8929591027941802,1.0,0.8436291551543141,0.948416322307231,0.9365898309427492,1.0,0.9022285162189427,0.9736720684659806,0.903285404389691,1.0,0.8434277141267044,0.9722882710111556
in,tanhexp,2025,BraTS20_Training_055.npy,0.7581605042757795,4.898979485566356,0.6461727626096331,0.9171029648405259,0.9380127296171443,1.0,0.9458490410439017,0.9303051980482729,0.8627686917558559,1.0,0.9553052314010354,0.7865762433563616,0.9373233919118499,1.0,0.9325294669201128,0.9421668599396572,0.9491769656045379,1.0,0.9554272187656456,0.9430079571972977
in,tanhexp,2025,BraTS20_Training_056.npy,0.8140016305037315,3.1622776601683795,0.7613236320566491,0.8745113884964127,0.7044918567531859,3.605551275463989,0.6120323946143307,0.8298581601216694,0.8702145417307251,1.0,0.8534448423145073,0.8876564797092892,0.9206875952544157,1.0,0.8914880624364615,0.9518646855759204,0.8850287089859903,1.4142135623730951,0.8217294898637366,0.9588939384964014
in,tanhexp,2025,BraTS20_Training_057.npy,0.7794905066047534,3.4641016151377544,0.7627818330810358,0.7969475753253232,0.9061750857694669,1.0,0.8679667721421254,0.9479021949224921,0.8677794855766641,1.0,0.9174503646610352,0.8232107502623078,0.9202871791096258,1.0,0.9535793224336173,0.8892412583134534,0.9291511396099111,1.0,0.8994478316163982,0.960883288101748
in,tanhexp,2025,BraTS20_Training_058.npy,0.06343031117774839,14.0,0.03577561530645333,0.2794336789908072,0.7074469698731947,7.280109889280518,0.6289456644055272,0.8083391122038247,0.6879298611685211,4.242640687119285,0.6784436483624872,0.6976851131416755,0.42785871066539266,8.94427190999916,0.31180919120895334,0.6815003169974567,0.7279670038486128,6.48074069840786,0.6252272179074891,0.8711114500158499
in,tanhexp,2025,BraTS20_Training_059.npy,0.5378378342037984,3.0,0.4417314046422708,0.687392043395647,0.772477354382248,4.47213595499958,0.8189976930933119,0.7309578168465929,0.8095238065585207,1.0,0.9428327564604714,0.7092426141897137,0.8874109242579313,1.0,0.9011094987886661,0.8741225976877743,0.7971226172502149,4.123105625617661,0.8422717799049804,0.7565675466983547
in,tanhexp,2025,BraTS20_Training_060.npy,0.910396369702283,1.0,0.9289682966941016,0.8925524672148676,0.8737330753507028,1.0,0.8568772879987713,0.8912653156105074,0.836945726226282,1.0,0.8858520894843853,0.7931569035582123,0.9464846091372983,1.0,0.9826527654263965,0.9128843926624648,0.9355735897443405,1.0,0.9388173804327006,0.9323521375799808
in,tanhexp,2025,BraTS20_Training_061.npy,0.8328412066659767,2.23606797749979,0.7381506241085336,0.9554008262036116,0.7026081061857242,4.123105625617661,0.8336235755745164,0.6071811878161956,0.8002043193226763,1.0,0.8394059999396725,0.7645008355207741,0.9238492427695979,1.0,0.8920208792751523,0.9580329961893056,0.8995643199037916,1.0,0.939640718112747,0.8627666589563375
in,tanhexp,2025,BraTS20_Training_062.npy,0.9008715738472981,1.0,0.8575569767805094,0.9487945139632855,0.8980603700034016,1.0,0.9179054971542705,0.8790551869026906,0.8993442720666992,1.0,0.9873602491499319,0.8257359263031001,0.9574982258043404,0.0,0.9954537295377053,0.9223308143953423,0.9461697438872558,1.0,0.9729356958205189,0.9208370518747861
in,tanhexp,2025,BraTS20_Training_063.npy,0.4752559706687032,2.23606797749979,0.7262059879243027,0.35320228057576236,0.801460763872156,1.4142135623730951,0.8949671763527282,0.7256451607051249,0.7056019053501743,3.0,0.6566104673619766,0.7624935560922537,0.7817709117880856,1.7320508075688772,0.8460774549947783,0.7265491736027595,0.8648984234591459,1.0,0.9589292535686966,0.7876617660587626
in,tanhexp,2025,BraTS20_Training_064.npy,0.847788210138444,2.23606797749979,0.7854980828265065,0.9208084734878417,0.5091514141980139,8.831760866327848,0.7311368204658345,0.39056831909493206,0.761189500718982,1.4142135623730951,0.7104219765759212,0.8197712415621663,0.909112938992911,1.0,0.8450401070134224,0.9836992146803648,0.8463296847695909,2.8284271247461903,0.8578301935127245,0.8351334599177869
in,tanhexp,2025,BraTS20_Training_065.npy,0.6688191851069225,4.898979485566356,0.7093933394384213,0.6326352475337239,0.7041207858397514,6.4031242374328485,0.9353278645226268,0.5645641346904687,0.8838215697672744,1.0,0.950590759217362,0.8258164826568694,0.9033757327502743,1.0,0.9680209673184247,0.8468241209657783,0.7490850191174002,5.385164807134504,0.9655906203462657,0.611887133142028
in,tanhexp,2025,BraTS20_Training_066.npy,0.8633156960146122,2.0,0.8643319587046322,0.8623018190512305,0.8955656435425531,1.0,0.9042567781756077,0.8870399854483998,0.8191294382479213,1.0,0.8252740902189566,0.81307561021822,0.9096819876047116,1.0,0.9139771030890776,0.9054270513837207,0.9322702489148106,1.0,0.9401043864432369,0.9245656000324652
in,tanhexp,2025,BraTS20_Training_067.npy,0.7818086471936843,3.0,0.656315030689679,0.9666391595347883,0.9290163922658495,1.0,0.9095347041808062,0.9493509196876986,0.8832526384370373,1.0,0.9812305887468017,0.803064907977947,0.9580324138529951,0.0,0.9707009302610984,0.9456903081911672,0.9579991081782453,0.0,0.9482568773081694,0.9679435969896201
in,tanhexp,2025,BraTS20_Training_068.npy,0.827319660104573,3.7416573867739413,0.7398829343324842,0.9381918222930502,0.7952891110539234,2.23606797749979,0.9020662202972028,0.7111148195223248,0.839814459303242,1.0,0.8539007086142548,0.8261854108102756,0.9029631938704049,1.0,0.8534996164710479,0.9585126809620181,0.9335417763314974,1.0,0.9548456616805399,0.913167780174667
in,tanhexp,2025,BraTS20_Training_069.npy,0.8397835305426989,2.23606797749979,0.7438076480755479,0.9641969497116968,0.7046331369772956,15.394804318340652,0.5935992985032206,0.8667626890144449,0.8182524148671287,1.0,0.8426204332143686,0.7952541958729294,0.9150923497370977,1.0,0.8695067133701202,0.9657222802105878,0.7848141205695713,12.569805089976535,0.680385043689934,0.927112175991559
in,tanhexp,2025,BraTS20_Training_070.npy,0.5875464065112593,7.681145747868608,0.4317526502986503,0.91924820464748,0.6141850461033797,4.242640687119285,0.7479493577264847,0.5210073594009852,0.7277740007826218,1.4142135623730951,0.7561013884045348,0.7014925368026993,0.7655890887675368,5.196152422706632,0.6466587313249847,0.9381244086099065,0.8873638877413812,1.4142135623730951,0.8782009077102115,0.8967200932497045
in,tanhexp,2025,BraTS20_Training_071.npy,0.2275344615010169,21.470910553583888,0.21820615760005663,0.23769595290248643,0.8927585093471267,1.4142135623730951,0.9356393215150329,0.8536359520382434,0.8089410698537182,3.605551275463989,0.7125696096160942,0.9354569180830737,0.6759306094932809,15.264337522473747,0.6124231636943691,0.7541331911864197,0.9322924168360782,1.0,0.9608740976655842,0.9053619719060421
in,tanhexp,2025,BraTS20_Training_072.npy,0.7455236621973865,3.1622776601683795,0.6380009423498341,0.8966339770784072,0.5936164915009096,5.656854249492381,0.8490926182020191,0.4563187064861563,0.887538783333929,1.0,0.8777723857854672,0.8975249544984165,0.9352285981136669,1.0,0.8959858011096047,0.9780663985414115,0.786496398891388,3.3166247903554,0.9149977085528681,0.6896435838866298
in,tanhexp,2025,BraTS20_Training_073.npy,0.8781092807289264,1.0,0.853126254045888,0.9045996580002844,0.8592032840712787,1.0,0.8571946354268958,0.8612213681726006,0.8364176250933678,1.0,0.8337209293512464,0.8391318216415238,0.9482200644407826,1.0,0.9346092498466482,0.9622331685445277,0.9248724878227528,1.0,0.9184842424765866,0.9313502184467587
gn,relu,2025,BraTS20_Training_001.npy,0.8608263433175438,1.4142135623730951,0.8971702383622546,0.8273123539575372,0.8894217664712368,1.4142135623730951,0.8165185167046067,0.9766197302841392,0.8841726743959788,1.0,0.9040444088731727,0.865155748433835,0.9362692726199358,1.0,0.963922658107231,0.9101582996085887,0.9233570300522195,1.0,0.8687409077789379,0.9853010726731464
gn,relu,2025,BraTS20_Training_002.npy,0.8678088188125139,3.4641016151377544,0.9732532740466667,0.7829790964491664,0.805694241680476,2.23606797749979,0.9201707700410997,0.7165497767379315,0.8640552988755336,1.0,0.8589097559033292,0.8692628637470826,0.9143180596692134,1.0,0.9768285689879506,0.8593268741337701,0.8644990943919212,1.7320508075688772,0.9723905320460271,0.7781586269388686
gn,relu,2025,BraTS20_Training_003.npy,0.7405112258674575,2.0,0.6521145886478228,0.8566308090209532,0.7425061181705063,3.4641016151377544,0.866812394206622,0.6493808714771796,0.8607061858427176,1.0,0.886257502047173,0.8365868991291344,0.9157401193359141,1.0,0.9161082795065444,0.9153722525030201,0.7732194064532657,2.8284271247461903,0.8865031700988012,0.6856075346551445
gn,relu,2025,BraTS20_Training_004.npy,0.7758093365019278,4.123105625617661,0.6789898983040507,0.9048324122966316,0.9396168877669357,1.0,0.978017103832728,0.9041181896232743,0.8971725977995595,1.0,0.9164451462630612,0.8786939444246787,0.9312356602357181,1.0,0.8946219400921022,0.9709742089806916,0.9525811916474831,0.0,0.9725527790079244,0.9334133412407827
gn,relu,2025,BraTS20_Training_005.npy,0.6406522992804266,30.024988437484843,0.4941599266422284,0.9105960214647019,0.3737118409744198,69.92495730972414,0.30910260484222807,0.4724680421030776,0.7693730949230665,25.495097567963924,0.716501114213966,0.8306697992589074,0.8528924211106845,25.553864678361276,0.7597879585310201,0.972001549145513,0.7287729569311291,57.74424493759769,0.6343510268061828,0.8562195963473109
gn,relu,2025,BraTS20_Training_006.npy,0.5754524423134262,5.656854249492381,0.42665455991391515,0.8836188875014429,0.9147637300333757,1.0,0.8890162489371779,0.9420470775057584,0.8119763564895913,1.0,0.8838290704386158,0.7509281016481292,0.909095253347061,1.0,0.8498324769153824,0.9772429555962183,0.9333348323183718,1.0,0.8959285132925205,0.9740007820904184
gn,relu,2025,BraTS20_Training_007.npy,0.8436984851735374,13.579384183244485,0.8284284849075089,0.8595419821082687,0.8801440995585901,1.0,0.9006642308533165,0.8605381732371206,0.8809602641713905,1.0,0.863938949725704,0.8986657644001592,0.9307310825304053,1.0,0.9131526620140706,0.9489995639963033,0.9171031512849318,1.0,0.9291602589232458,0.9053549494214308
gn,relu,2025,BraTS20_Training_008.npy,0.0461799659657386,17.11724276862369,0.8662419830419119,0.023722309395216624,0.7698638808642171,2.23606797749979,0.8340452062871254,0.7148545010515313,0.8438187380386328,1.0,0.7919075079115813,0.9030131741712507,0.30527992122347186,15.839820396063551,0.910818706792261,0.18337012482211903,0.8083851610450051,1.4142135623730951,0.9386119663491277,0.7098918990660156
gn,relu,2025,BraTS20_Training_009.npy,0.6869926332588341,7.3484692283495345,0.6491560180433996,0.7295129190579653,0.8241490084211534,2.23606797749979,0.822971180553051,0.8253302124263705,0.7013820514773023,3.0,0.5668061530094092,0.9197589897603421,0.7916397824076228,3.3166247903554,0.675754356888449,0.9554986925969295,0.8950288503940724,1.0,0.8367316358627502,0.962057860704636
gn,relu,2025,BraTS20_Training_010.npy,0.529891300748021,3.605551275463989,0.7485604462848283,0.4100946329117284,0.8070551450103312,2.23606797749979,0.8602413522024775,0.7600626912777985,0.8760169208623357,1.0,0.8317627053425573,0.9252448858476631,0.8884045329203687,1.0,0.8741778654930257,0.9031019189023606,0.8385294685504684,1.7320508075688772,0.8829212006780567,0.7983879215240302
gn,relu,2025,BraTS20_Training_011.npy,0.46701332390800565,5.0990195135927845,0.312187702993292,0.9264990269084524,0.8761597853584618,1.4142135623730951,0.9512080581954945,0.8120878017816803,0.7756850474089311,1.4142135623730951,0.9878766868931821,0.638531287766113,0.9182685389395194,1.0,0.9230027937525269,0.9135826011888758,0.9011161599769606,1.4142135623730951,0.9640901708711078,0.845864599240361
gn,relu,2025,BraTS20_Training_012.npy,0.7724713226851485,3.0,0.8027741621032762,0.7443729873618449,0.8071261175383663,4.527355824977709,0.7573118138605047,0.8639551871096176,0.8395775021760608,1.0,0.7785032633877395,0.9110501549548391,0.9238911284501694,1.0,0.8855072453073585,0.9657534233854671,0.8753489459112131,2.0,0.8259360900836138,0.9310504228251724
gn,relu,2025,BraTS20_Training_013.npy,0.8946836462024037,1.0,0.8433689016355098,0.9526474376316751,0.8345376382154124,1.4142135623730951,0.8606464592942251,0.8099662659614232,0.7140641766502873,1.4142135623730951,0.7410250043549764,0.6889963151726605,0.9187462280647666,1.0,0.8903336767180366,0.949031973490003,0.8997003273043649,1.0,0.9102915468805344,0.889352730151939
gn,relu,2025,BraTS20_Training_014.npy,0.560053771490588,3.7416573867739413,0.5888236566766432,0.5339643098353897,0.8056547643042457,2.449489742783178,0.9215195630646194,0.7156716966189662,0.8411859098621034,1.0,0.9040940958470403,0.7864626883828705,0.88855180094003,1.0,0.9478833416606341,0.8362102911406504,0.8767237166068425,1.4142135623730951,0.9800085389431639,0.7931339369296692
gn,relu,2025,BraTS20_Training_015.npy,0.2817475725419927,11.224972160321824,0.16726224764580722,0.8929230714281657,0.9243395418605734,1.0,0.9534801597478413,0.8969273131782921,0.8624161069002148,1.0,0.8564763376399952,0.8684388365978387,0.7363378279856857,4.69041575982343,0.5869208572795606,0.9878130048673589,0.9456202409838472,1.0,0.9441522264126244,0.9470928276716126
gn,relu,2025,BraTS20_Training_016.npy,0.11856808293122513,12.0,0.0631706534301199,0.9635671508234521,0.8217144637051214,2.0,0.9512180932881287,0.723247852599074,0.6661173197028074,2.0,0.9925562113478964,0.5012595432696743,0.7870030846884635,3.7416573867739413,0.658268828037031,0.9783300770644924,0.9158278083512623,1.0,0.9650414055098522,0.8713900872938617
gn,relu,2025,BraTS20_Training_017.npy,0.6128611364279021,6.164414002968976,0.46897732068324444,0.8841086289752389,0.9034187751732801,1.0,0.9635824115406126,0.8503265469999766,0.85472091754387,1.0,0.9431572874612789,0.7814474773083969,0.8757768737528671,1.4142135623730951,0.8176217759186091,0.9428382612400147,0.9288077558896238,1.0,0.9732818656359761,0.8882205236345372
gn,relu,2025,BraTS20_Training_018.npy,0.30708661175522356,10.344080432788601,0.5718474905616572,0.20990311937671563,0.7741683058792788,4.123105625617661,0.8523632880573498,0.7091148009578475,0.7021182685301892,13.038404810405298,0.9386430623088905,0.5608036638674527,0.6690796265613933,12.449899597988733,0.9533398774393915,0.5154009545528386,0.7821250753190143,3.7416573867739413,0.8728919922245288,0.7084568082848465
gn,relu,2025,BraTS20_Training_019.npy,0.6684495083608805,3.605551275463989,0.5355878511872668,0.8889747937390216,0.7721613544214472,2.449489742783178,0.800258064171932,0.7459706516133547,0.8031568741389409,1.0,0.8866809325520423,0.7340138343731957,0.9224554901403582,1.0,0.87248746733222,0.9784946231218303,0.8977027336437281,1.4142135623730951,0.8922300612160124,0.9032429556657552
gn,relu,2025,BraTS20_Training_020.npy,0.7296578817176252,4.58257569495584,0.5828823633136442,0.975230532130688,0.7456801558061835,4.123105625617661,0.8433362831933576,0.6682935206360054,0.7200455209364257,1.4142135623730951,0.8163453382916116,0.6440682893743802,0.846431854732812,3.0,0.7417201605464719,0.985568645108114,0.9051535733768268,1.4142135623730951,0.8670932993069386,0.9467084837117713
gn,relu,2025,BraTS20_Training_021.npy,0.17370572147920393,9.9498743710662,0.0956489118692839,0.944444409465022,0.7419848921324912,4.620319717659339,0.6834140239560698,0.8115362646824533,0.6967021543797687,1.4142135623730951,0.8934398904647356,0.5709725461354064,0.8817446880224247,1.0,0.8273064017863708,0.9438518797668508,0.7839100039969585,3.7416573867739413,0.7241033152303153,0.8544854963006706
gn,relu,2025,BraTS20_Training_022.npy,0.8278603365879849,3.1622776601683795,0.7380798963127578,0.9425074555769748,0.8833537800806283,1.0,0.9509351402174607,0.8247408365362965,0.8764383865276397,1.0,0.8610943412210668,0.8923391907567882,0.9289819303575959,1.0,0.8784802686690993,0.9856441804051695,0.9452106173582508,1.0,0.9618896619158094,0.9291001388319814
gn,relu,2025,BraTS20_Training_023.npy,0.9042941789883154,1.0,0.8453483065027344,0.9720767871342465,0.8337570587815246,1.4142135623730951,0.7852269352946447,0.8886810547296494,0.8591282968426168,1.0,0.8308494094990863,0.8894000187047079,0.9404594745196249,1.0,0.8980942594442005,0.9870195014817712,0.9077515399245698,1.0,0.8600053495951158,0.9611109598714267
gn,relu,2025,BraTS20_Training_024.npy,0.635647032367367,28.30194339616981,0.5653359287919456,0.7259314810554351,0.7992160858543318,2.23606797749979,0.8700163843408628,0.7390718106013843,0.7696578846208224,2.8284271247461903,0.6308728011042181,0.9867269753917196,0.7944547386831251,3.1622776601683795,0.6620405670802042,0.9930797821028998,0.8743679864971352,1.4142135623730951,0.8828106577596309,0.8660852667345895
gn,relu,2025,BraTS20_Training_025.npy,0.953988051316951,0.0,0.9346888473327742,0.9741010268760162,0.8426476823343081,1.4142135623730951,0.8975854136833153,0.794047128721986,0.8999944806832622,1.0,0.9354098543363679,0.8671629881057362,0.9660761806179838,0.0,0.973719146827679,0.9585522628334482,0.9217387876231441,1.0,0.9552950146444851,0.8904599917634977
gn,relu,2025,BraTS20_Training_026.npy,0.4965601417573457,6.782329983125268,0.3982379635149613,0.6593487540012543,0.897696624591437,1.0,0.9178121300105974,0.8784439437986722,0.6837799836641429,2.8284271247461903,0.6778594354291859,0.6898048651724384,0.7909060122539626,3.0,0.7358577032234818,0.8548564200396445,0.9416767515394572,1.0,0.9458333099406893,0.9375565660588034
gn,relu,2025,BraTS20_Training_027.npy,0.8295911878682529,3.0,0.9052351775046398,0.7656143087033386,0.6075683776240114,9.486832980505138,0.9831453859626178,0.4396247898455105,0.8307931769794432,1.0,0.7643198086131744,0.9099303871928325,0.9195124892563629,1.0,0.8995396053596428,0.9403924468549129,0.7243028410060325,7.211102550927978,0.9953186890836455,0.5692904465544187
gn,relu,2025,BraTS20_Training_028.npy,0.8021494002799953,2.0,0.7927912227184551,0.8117311449247083,0.34830229987109645,5.0,0.4638949663313367,0.2788250764151413,0.5938562330219073,2.449489742783178,0.5192952107671654,0.6934180128559209,0.7680796190592134,2.23606797749979,0.7051487256868423,0.8433437019675013,0.8545527893745573,1.4142135623730951,0.8792362531110283,0.8312173949350365
gn,relu,2025,BraTS20_Training_029.npy,0.7504398071112345,3.605551275463989,0.8818665039464472,0.653105858910298,0.9237679262149415,1.0,0.9505613477899882,0.8984435461521294,0.876135192513683,1.0,0.8207332032612995,0.9395582310450639,0.9311050471138438,1.0,0.9230457114916882,0.9393063570887609,0.9371487609040913,1.0,0.9601449854917892,0.91522832537108
gn,relu,2025,BraTS20_Training_030.npy,0.2456140338907698,21.941965989748784,0.14416475890065927,0.828947341153048,0.8440322030560982,1.7320508075688772,0.8667570699605479,0.8224685054041395,0.8028234557843442,1.4142135623730951,0.8416002588362331,0.7674625526212924,0.8285599566190043,2.449489742783178,0.7839685946764993,0.8785298696203635,0.8529829545033843,1.4142135623730951,0.8704738319420898,0.8361811376871204
gn,relu,2025,BraTS20_Training_031.npy,0.7440244575152692,3.3166247903554,0.8088835159255424,0.6887945443344983,0.855671435084848,1.0,0.8748560966133474,0.8373101167138142,0.8858099309824693,1.0,0.8705903852720753,0.901571076612923,0.9192447044106666,1.0,0.9257271161191007,0.9128524473576016,0.9195694928196788,1.0,0.9352435880555597,0.9044121136250519
gn,relu,2025,BraTS20_Training_032.npy,0.8064538851501065,3.1622776601683795,0.7274691741102464,0.9046791006881456,0.6529896069406624,2.23606797749979,0.8001102527010913,0.5515695063072361,0.7937672778116274,1.0,0.8256823164010433,0.7642276415367522,0.8979699598398351,1.0,0.8780837631221551,0.918777763885954,0.9003995381513984,1.0,0.9567169807710502,0.850343786399348
gn,relu,2025,BraTS20_Training_033.npy,0.7292331696607554,5.477225575051661,0.6158638861540092,0.8937576058185401,0.9295486017292246,1.0,0.9324479722248564,0.9266672059581841,0.9133316810453067,1.0,0.920919482215679,0.905867894988714,0.9425842476568886,1.0,0.8975159101221449,0.9924180509432406,0.9524564313598473,0.0,0.94579187726751,0.9592155759148402
gn,relu,2025,BraTS20_Training_034.npy,0.8791587738891741,1.0,0.8806129891118399,0.8777093532086945,0.8606078634676376,1.4142135623730951,0.9314415727373053,0.7997862025545485,0.8104701236294477,2.0,0.7395415469752183,0.8964473549189008,0.9171427904063404,1.0,0.8742469710182845,0.964465262043685,0.9369744971551457,1.0,0.954680964808985,0.9199128731906567
gn,relu,2025,BraTS20_Training_035.npy,0.5593477878092022,7.14142842854285,0.3996909711852957,0.9313935374353898,0.7208593604093312,3.3166247903554,0.7679365759908392,0.6792207377988956,0.8073261703116914,1.0,0.8965872554214049,0.7342289125681882,0.8503138086220433,2.23606797749979,0.7770701956569303,0.9388015936298519,0.8741322268633982,1.4142135623730951,0.8473397822344593,0.9026743207921206
gn,relu,2025,BraTS20_Training_036.npy,0.6506935646236219,4.47213595499958,0.8820512669734827,0.5154845103348201,0.7872960369137063,2.8284271247461903,0.8931247235642081,0.7038902390553229,0.8278260861096408,1.0,0.7836529134540908,0.8772766676555146,0.8775635939815478,1.0,0.867258175248333,0.8881168699659419,0.8788533155325468,1.0,0.9471802476071369,0.8197209406154936
gn,relu,2025,BraTS20_Training_037.npy,0.7704339047576014,3.3166247903554,0.8341527358962606,0.7157588818639178,0.8520344474223307,2.0,0.7542104053812358,0.9790167526749597,0.8457545030327325,1.0,0.8440781689657987,0.847437508136128,0.9089260318400432,1.0,0.937064422515271,0.8824282680849861,0.8843453427721654,1.7320508075688772,0.7992427729890293,0.9897308971218522
gn,relu,2025,BraTS20_Training_038.npy,0.7645461594431021,3.7416573867739413,0.7604166659332401,0.7687207480804205,0.8022836320933039,2.0,0.7917297113068106,0.8131227260437809,0.7838678582229521,2.0,0.7422111592025674,0.8304785773427663,0.8514002895866428,1.7320508075688772,0.8183796011898066,0.8871977103408291,0.9129202700051415,1.0,0.8920132376291215,0.9348308630332688
gn,relu,2025,BraTS20_Training_039.npy,0.9169940642673292,1.0,0.8858204120061041,0.9504418628479607,0.8432326390992891,1.4142135623730951,0.9687223995831513,0.7465264737264066,0.8730784387571626,1.0,0.8634804297025725,0.8828922186839189,0.9285618619107593,1.0,0.9113997260955938,0.9463827458660209,0.9040576008278306,1.0,0.9831253734628419,0.8367611573893666
gn,relu,2025,BraTS20_Training_040.npy,0.9386272011089997,1.0,0.9349078031727649,0.9423763109429748,0.9172480062042417,1.0,0.9227131231584607,0.9118472464097913,0.8817648478649633,1.0,0.8363204397981325,0.9324318040185735,0.9545634800270908,0.0,0.9253943472761726,0.9856313279269328,0.9480808926560833,1.0,0.9426803693693443,0.9535436505428275
gn,relu,2025,BraTS20_Training_041.npy,0.6786850466918876,4.898979485566356,0.5845511467000231,0.8089562989925738,0.9249729587232478,1.0,0.953990737136339,0.8976683524353996,0.7984217650324352,2.0,0.8871875397367001,0.7258029970815814,0.8556526160394994,2.0,0.8793689524279884,0.833181930107208,0.9501572607129506,0.0,0.9794011466016279,0.9226091246118975
gn,relu,2025,BraTS20_Training_042.npy,0.9436147513604554,1.0,0.9353474315531987,0.952029519807283,0.9038205662890736,1.0,0.9640467659106418,0.8506768439231089,0.8693303967098394,1.0,0.8595945451031293,0.8792893127131852,0.9629486285105983,0.0,0.95335530156759,0.9727369872617777,0.9547658660072263,0.0,0.9767387729336584,0.9337598218574842
gn,relu,2025,BraTS20_Training_043.npy,0.7044148212004222,3.7416573867739413,0.5667060201363519,0.9305331149255796,0.7853441634364988,2.8284271247461903,0.7546681018892211,0.8186197581042226,0.5673486773926926,3.605551275463989,0.5072408517254541,0.6436170181643277,0.7602766331802964,2.449489742783178,0.6348300017715677,0.9475111351006951,0.8375694711131728,1.7320508075688772,0.783136070751787,0.9001351182593861
gn,relu,2025,BraTS20_Training_044.npy,0.04415010940065984,9.989874871088073,0.024875621271750716,0.19607839292580528,0.7445393490433138,5.385164807134504,0.65868712467773,0.8561253554834868,0.7599856035984685,2.449489742783178,0.7478753488110811,0.772494507882264,0.7289603937841571,3.3166247903554,0.6493936017122734,0.8307475258762516,0.780156904152611,4.898979485566356,0.6906527411537061,0.8963133634478766
gn,relu,2025,BraTS20_Training_045.npy,0.8464492609365198,1.0,0.7856452387713598,0.9174544934969279,0.8525759440613998,1.0,0.8621763268999594,0.8431870081595566,0.8982204144347684,1.0,0.9303208174956176,0.8682613518930171,0.9621044591015813,0.0,0.9659390825012591,0.9583001608268669,0.9448389144667392,1.0,0.9514045952195771,0.9383632325749884
gn,relu,2025,BraTS20_Training_046.npy,0.19826086611720234,13.464758101921207,0.34969323008016995,0.13834951120510897,0.5628808863152194,14.7648230602334,0.4084773992279371,0.9049497385768229,0.6571867768747626,6.4031242374328485,0.6300663181277353,0.6867469824357673,0.616934212726049,6.48074069840786,0.6447368378635735,0.5914302921458643,0.5896085037158425,14.45683229480096,0.43574927069623315,0.9114244599070939
gn,relu,2025,BraTS20_Training_047.npy,0.8593324372826548,2.8284271247461903,0.7822780622310207,0.9532250912722191,0.7807240431095843,2.8284271247461903,0.6958003236085128,0.8892598572173867,0.8668810674661295,1.0,0.9012843345828929,0.8350076718001772,0.942109071694123,1.0,0.9202840341676117,0.9649944407255492,0.8968452739437982,1.4142135623730951,0.8353105214926658,0.9681671659720487
gn,relu,2025,BraTS20_Training_048.npy,0.8085262741325752,2.0,0.774647881868677,0.8455034523789128,0.5346818463088018,13.74772708486752,0.3835053144605845,0.882599767089903,0.6238767630812684,2.449489742783178,0.47623713632416886,0.9041860381005951,0.7904745574944757,1.7320508075688772,0.6665703534626687,0.9709595918730656,0.6229914049367079,13.038404810405298,0.45613735064258787,0.9823230456048295
gn,relu,2025,BraTS20_Training_049.npy,0.3482506074186281,6.708203932499369,0.21293532126432516,0.9553571002072723,0.9239016917552141,1.0,0.9215460622390234,0.9262693947337023,0.8616136908782229,1.0,0.9657440368162673,0.7777532536355037,0.9529174184792035,0.0,0.9632574109083425,0.9427970537480609,0.9330422918660262,1.0,0.9317203420464424,0.9343679980810666
gn,relu,2025,BraTS20_Training_050.npy,0.8274772352005282,2.449489742783178,0.7252712733508648,0.9632143801573004,0.6954325115397582,8.660254037844387,0.8209219851539958,0.6032216033381371,0.8393651184474794,1.0,0.8804171792186251,0.8019708500613764,0.9372131549626883,1.0,0.8971681790607386,0.9809999500554237,0.939871728008191,1.0,0.9329519040467738,0.9468949693519171
gn,relu,2025,BraTS20_Training_051.npy,0.8591329400034431,1.0,0.804000897271295,0.9223826691016435,0.9221657408107775,1.0,0.9400476848811675,0.9049514112998657,0.8830011533265699,1.0,0.8468523457864537,0.9223736694461655,0.9404135784901942,1.0,0.8963768936445387,0.9890006279138902,0.9388262126445313,1.0,0.9480546186601913,0.9297757340327706
gn,relu,2025,BraTS20_Training_052.npy,0.8780063741157091,1.0,0.8170052115459191,0.94885177254937,0.8554449195611379,1.0,0.9734290839922485,0.7629694484621253,0.8656031580506839,1.0,0.8705730834185736,0.8606896542592153,0.949133901241018,1.0,0.9278946301136385,0.9713682722677677,0.9145344786493459,1.0,0.986056175590533,0.852686495897154
gn,relu,2025,BraTS20_Training_053.npy,0.7023921442064179,6.164414002968976,0.5578694096425211,0.9479768772762204,0.9404022081648107,1.0,0.9564307197949524,0.9249020747779793,0.8585268252205934,1.0,0.9000883187236826,0.8206341209656426,0.8711817297592538,2.0,0.7869357203415586,0.9756283762182122,0.9605297885794998,0.0,0.9610799390228775,0.9599802675546252
gn,relu,2025,BraTS20_Training_054.npy,0.8476781568476197,1.0,0.8522026750079648,0.8432014268919943,0.7838747861654775,2.0,0.6999835567170177,0.8906123910186757,0.8889619830882622,1.0,0.8343352936553683,0.9512430065758056,0.9307955071297924,1.0,0.8846462160953809,0.982024737940253,0.898761271147828,1.0,0.8267266703135537,0.9845471325873061
gn,relu,2025,BraTS20_Training_055.npy,0.7511763070844393,5.385164807134504,0.6257300943348754,0.9395338081247778,0.9290142467796106,1.0,0.9579269790856082,0.9017957025709027,0.8633897218515855,1.0,0.9829215104373529,0.7697780300040049,0.9341701248661571,1.0,0.9377455622966092,0.9306218481138677,0.9423022797227781,1.0,0.9682500132616482,0.917708974595148
gn,relu,2025,BraTS20_Training_056.npy,0.8179402828833879,3.4641016151377544,0.7586247350872745,0.8873181431686548,0.6506270644456903,4.242640687119285,0.5364442727842055,0.8265616869742541,0.8616818565941178,1.0,0.8304349746314285,0.8953721369773988,0.9149527513745089,1.0,0.8726904659642395,0.9615166745870153,0.8666937396214018,1.7320508075688772,0.7818374624926564,0.9722122321388159
gn,relu,2025,BraTS20_Training_057.npy,0.7852960299523487,3.6940202478154087,0.7665925666351459,0.8049349756420974,0.9127281949966034,1.0,0.8926586013188491,0.9337209919983871,0.8634503424615538,1.0,0.8696156961922493,0.8573717938903711,0.9152657782205108,1.0,0.914215268734726,0.9163187039485994,0.9343781380285021,1.0,0.9163669760303231,0.9531115125446716
gn,relu,2025,BraTS20_Training_058.npy,0.18546140705118996,16.881943016134134,0.19690898664671916,0.1752717389815967,0.6322096107093786,7.483314773547883,0.5530000538832083,0.7379040966344041,0.5694470710740515,10.198039027185569,0.6732259978037776,0.49339014476850196,0.37346205294644086,13.076696830622021,0.41407795205696457,0.3401022503033579,0.6884098994268172,6.324555320336759,0.6324872428732958,0.755180754297551
gn,relu,2025,BraTS20_Training_059.npy,0.49999999686716795,3.4641016151377544,0.442841282543382,0.5741007111640186,0.7853685246335848,3.7416573867739413,0.7518557346396075,0.8220082527180155,0.8108308575265917,1.0,0.9325938486980048,0.7171915963438872,0.859739047391102,1.0,0.8900144674866644,0.8314556068884379,0.81486375541777,3.4641016151377544,0.7851686083859987,0.8468933368650825
gn,relu,2025,BraTS20_Training_060.npy,0.8751833305833249,2.23606797749979,0.9426408100323342,0.8167358878531547,0.8509314911983362,1.4142135623730951,0.8096818861449472,0.896609670861528,0.8427305180220576,1.0,0.8465866925262264,0.8389093132114527,0.9308420554525608,1.0,0.9709817547144564,0.8938893033769091,0.9315796496346865,1.0,0.9201920981901736,0.9432525787833667
gn,relu,2025,BraTS20_Training_061.npy,0.7987084707292816,3.1622776601683795,0.6833381787098892,0.9609486792865495,0.6324499605096444,12.24744871391589,0.7576691215570407,0.5427502153893579,0.7959500400591605,1.0,0.8244029381132839,0.7693956268475559,0.8969169956929182,1.0,0.8460850105547465,0.9542472658080343,0.8873709070329803,2.0,0.9178922151291534,0.858814037533587
gn,relu,2025,BraTS20_Training_062.npy,0.9090135825977476,1.0,0.8546081563101718,0.9708170096117544,0.9051406585610627,1.0,0.9312598552627633,0.8804466286031084,0.9089793537888488,1.0,0.9829811229861058,0.8453396477003966,0.9675436462609985,0.0,0.9917848096764201,0.9444592129453784,0.9481769120867515,1.0,0.9742656889241648,0.9234489013964591
gn,relu,2025,BraTS20_Training_063.npy,0.410923275201893,3.0,0.617992169256947,0.3077922057935571,0.8252022785343983,1.4142135623730951,0.8571712742618149,0.7955321694862623,0.7333494775167124,2.449489742783178,0.6716947618824544,0.8074666623601778,0.7551274071548674,2.23606797749979,0.8043694114386977,0.7115666157787215,0.8902389924641368,1.0,0.9301720834186065,0.8535934862060686
gn,relu,2025,BraTS20_Training_064.npy,0.8448682728637629,2.8284271247461903,0.782650613039472,0.9178323514624966,0.5287375909571944,10.04987562112089,0.7803068405556421,0.39983246330310185,0.7600365669192214,1.4142135623730951,0.6945907672912515,0.8390981556539402,0.9017204358912212,1.4142135623730951,0.830348762894927,0.986515216695185,0.8444213193873487,2.8284271247461903,0.8553671136194367,0.8337521235380062
gn,relu,2025,BraTS20_Training_065.npy,0.7761363592264979,3.3166247903554,0.6682974494295749,0.9254742422022461,0.6644962420488871,9.433981132056603,0.9096771130294072,0.5234210883853714,0.8892572929554754,1.0,0.9602577838873692,0.828033341068128,0.9381416825742536,1.0,0.9580602858242194,0.9190344457655658,0.7085049893636508,8.06225774829855,0.9321850152845961,0.5713969283886107
gn,relu,2025,BraTS20_Training_066.npy,0.8899470892744165,1.0,0.8662448486370735,0.9149829019039744,0.8919762962632586,1.0,0.9239403774578344,0.862149881421134,0.8148705768632402,1.0,0.8120023071990741,0.8177591808254775,0.912292206002724,1.0,0.8998124306967128,0.9251230210632245,0.9311250185000475,1.0,0.9524517337039589,0.9107324556390644
gn,relu,2025,BraTS20_Training_067.npy,0.8025241273187992,3.0,0.692172242122481,0.9547361437903112,0.9346001990414124,1.0,0.9178483065633765,0.9519749457180339,0.8899162558773006,1.0,0.9877121119018265,0.8097416971181765,0.9662052518073904,0.0,0.9863443862215595,0.946872061245956,0.9604722463295442,0.0,0.9550182455973738,0.9659888991296114
gn,relu,2025,BraTS20_Training_068.npy,0.8295139475953391,4.242640687119285,0.7397315567969868,0.9441009782688685,0.800096562589349,2.23606797749979,0.9121432801625272,0.712565739188117,0.8356164380611437,1.0,0.8392907795466023,0.8319741276490621,0.9001727656823978,1.4142135623730951,0.844890618301524,0.963195751222373,0.9376536958554085,1.0,0.9576091488880685,0.9185129614206029
gn,relu,2025,BraTS20_Training_069.npy,0.8412479047189719,2.449489742783178,0.741268524851659,0.9724016035807208,0.7655316606560715,8.48528137423857,0.6698563382566809,0.8930915875080828,0.8225362918646364,1.0,0.822852024296045,0.8222208011108989,0.9129176047496411,1.0,0.8531306361896617,0.9817157537781789,0.8263462080845291,5.656854249492381,0.7342533915544218,0.9448532492210016
gn,relu,2025,BraTS20_Training_070.npy,0.6527623824010377,4.898979485566356,0.4963403271541763,0.9531476267542827,0.6452800419508508,4.58257569495584,0.765781026762758,0.5575462510361745,0.7319136303584204,1.4142135623730951,0.7740720389436773,0.6941101958383575,0.8083806909647298,2.449489742783178,0.7014396642573713,0.9537957607114468,0.878404584210206,1.4142135623730951,0.871114730089207,0.8858174769404831
gn,relu,2025,BraTS20_Training_071.npy,0.14838896943489754,15.0,0.21385542132888988,0.11361009857444208,0.872103793023866,2.0,0.8990046309542459,0.8467660845444219,0.8152296640552686,3.0,0.7179793152601597,0.9429526685372974,0.5842097239790149,12.206555615733702,0.6200258812574001,0.5523054752390464,0.9336105406521087,1.0,0.965888547197458,0.903420100905727
gn,relu,2025,BraTS20_Training_072.npy,0.7518911560533926,3.1622776601683795,0.6513908527568215,0.8890604879162671,0.6065940069856085,5.830951894845301,0.8855588157358596,0.46128275896161175,0.8830770129110758,1.0,0.8621299914759997,0.9050672737091884,0.9330367945086903,1.0,0.8870677941875043,0.984030528916645,0.7961070662033273,3.3166247903554,0.9331054383961771,0.6941867000198857
gn,relu,2025,BraTS20_Training_073.npy,0.8790495262284662,1.0,0.8519212734610775,0.907962327471515,0.857774395612245,1.0,0.8579920257854324,0.8575568755044353,0.8270791346729051,1.0,0.8026427052826187,0.8530502181181325,0.9375723244602069,1.0,0.9093271894918027,0.9676283858396956,0.9257542710689574,1.0,0.9152945931141098,0.9364557716230882
gn,leaky_relu,2025,BraTS20_Training_001.npy,0.8927751734628171,1.0,0.8941915425149314,0.8913632837003852,0.8615189584455755,1.7320508075688772,0.7652340212117372,0.9855213687573451,0.8896200800313536,1.0,0.8917525769981427,0.8874977575291488,0.9523292354940002,0.0,0.954335996074022,0.9503308965456843,0.8965768200843038,1.4142135623730951,0.8172655461080843,0.9929359746574244
gn,leaky_relu,2025,BraTS20_Training_002.npy,0.9515194188009753,0.0,0.9588427937130537,0.9443070627413106,0.8504241186575413,1.4142135623730951,0.9097997931828762,0.798323639959233,0.8279309782067965,1.0,0.7839364776547008,0.8771570119987067,0.9430061883345734,1.0,0.9263479528128157,0.9602745143458661,0.8893329539973452,1.4142135623730951,0.933185087763307,0.849417230302739
gn,leaky_relu,2025,BraTS20_Training_003.npy,0.7399999943076924,2.2467390657639497,0.6562073580326417,0.8483245000295503,0.7525703052705303,3.605551275463989,0.7635373520618434,0.7419138467946363,0.8591526241466504,1.0,0.8759172752637849,0.8430176537944858,0.9151490612233252,1.0,0.9091396384102395,0.9212384548581247,0.7854123496418711,3.0,0.7947797494565774,0.7762631886833137
gn,leaky_relu,2025,BraTS20_Training_004.npy,0.7785312694728271,4.242640687119285,0.6783838376986022,0.9133686918082842,0.945683054131221,1.0,0.9688968354929661,0.9235556024093916,0.8932757997507099,1.0,0.8923773253162028,0.8941760845913354,0.9262587930394649,1.0,0.8761912755043489,0.9823950287222769,0.952653979494313,0.0,0.9574536814124321,0.9479021591255916
gn,leaky_relu,2025,BraTS20_Training_005.npy,0.6101286161372014,30.417921515969795,0.45462713251085013,0.9273060419834696,0.4108820295097206,9.486832980505138,0.27082663192211864,0.8509348112635937,0.7495815195014053,25.650535704720898,0.6808230278929425,0.8337884796005605,0.831338981207381,25.67099530598687,0.7207875799161018,0.9819457330218243,0.7383180573280855,7.0710678118654755,0.5910003600931883,0.9834647010079981
gn,leaky_relu,2025,BraTS20_Training_006.npy,0.5702323344760519,6.324555320336759,0.4190879739613156,0.8918947923865864,0.9081229891036672,1.0,0.871748336265615,0.9476653628064489,0.8201715467280073,1.0,0.8892808462722357,0.7610291592586521,0.90375443011909,1.0,0.8401161490194067,0.977823995586163,0.9276073433463342,1.0,0.8813808087659359,0.9789512377552021
gn,leaky_relu,2025,BraTS20_Training_007.npy,0.845874885394568,14.056935552289092,0.8237198327730434,0.8692546556855445,0.881728632403282,1.0,0.8829292590890305,0.8805312662690344,0.8779965393541507,1.0,0.8652378618846601,0.8911371222556236,0.9296795857921418,1.0,0.912315579248388,0.9477173902742203,0.9177196775929723,1.0,0.9145385330590822,0.9209230298230799
gn,leaky_relu,2025,BraTS20_Training_008.npy,0.20220588049443125,7.14142842854285,0.7006368980486052,0.11815252289846914,0.811285977483158,1.4142135623730951,0.8919719404857454,0.7439864775077397,0.8409828426472746,1.0,0.7489677890258647,0.9587737742201504,0.6909090887799412,5.830951894845301,0.8194444384543536,0.5972296185549834,0.8243171805050061,1.4142135623730951,0.9092186703019409,0.7539174846886051
gn,leaky_relu,2025,BraTS20_Training_009.npy,0.6806249603220476,11.180339887498949,0.636535730936845,0.7312763351314955,0.7816876220440924,3.1622776601683795,0.7303029990715392,0.8408504390888497,0.6405107130029579,4.58257569495584,0.48686666264182105,0.9358407911574937,0.7521092228323191,5.0,0.6154844800325892,0.9666955015309986,0.850383631685814,2.23606797749979,0.7511612627651794,0.9798084584231799
gn,leaky_relu,2025,BraTS20_Training_010.npy,0.6166514124734546,4.0,0.6468330010204798,0.5891608288608247,0.7987046189510161,2.8284271247461903,0.8186362778996865,0.7797204585347838,0.8677983101699153,1.0,0.8016375702122083,0.9458621929532225,0.891510878875643,1.0,0.8318558752761569,0.9603829630894967,0.8266180042288528,2.23606797749979,0.8352299719836135,0.8181818180004915
gn,leaky_relu,2025,BraTS20_Training_011.npy,0.4751992186124586,5.385164807134504,0.31740169385748057,0.945019398803238,0.896210576031166,1.0,0.933762238856568,0.8615624591920008,0.7990896801087478,1.0,0.9729823329182848,0.677929286016738,0.9154873820309315,1.0,0.8914907960957013,0.9408115519772079,0.917077379065404,1.0,0.9432654908916539,0.8923041201456834
gn,leaky_relu,2025,BraTS20_Training_012.npy,0.7705573064762202,2.8284271247461903,0.7941048946939536,0.7483660100148447,0.784377464735909,4.58257569495584,0.7005678661455241,0.8909643783172435,0.8348747411018455,1.0,0.7783358433310968,0.9002711059251141,0.9226025667489287,1.0,0.8853864723606444,0.9630846019927948,0.8593601134855341,2.23606797749979,0.7824674298026979,0.9530121404053281
gn,leaky_relu,2025,BraTS20_Training_013.npy,0.8923831935037392,1.0,0.8488948162643913,0.9405679289131554,0.8395054132567197,1.4142135623730951,0.858193937599612,0.8216134856045714,0.7166975014839299,1.4142135623730951,0.7672691241216412,0.6723801243819048,0.9179159237802998,1.0,0.9036119704825512,0.932680016380713,0.904518319870087,1.0,0.9139170027592487,0.8953109803189482
gn,leaky_relu,2025,BraTS20_Training_014.npy,0.5747797291796511,3.605551275463989,0.5567514671050756,0.5940146147848108,0.8381021935159061,1.7320508075688772,0.913671519390038,0.7740785351683805,0.8375873839382247,1.0,0.8740104043915345,0.8040786594505885,0.889757880148057,1.0,0.9056617807805737,0.8744029016720889,0.8984340940428159,1.0,0.9575181453954946,0.8462178717931573
gn,leaky_relu,2025,BraTS20_Training_015.npy,0.290353573894741,12.151115767931419,0.17417867415080268,0.8718984369769277,0.9239958343214734,1.0,0.9193290585522415,0.928710231505993,0.8591918037227139,1.0,0.838480336771295,0.880952379924192,0.7290728426874427,5.0,0.5769644167126976,0.9900980477719659,0.9376773463024118,1.0,0.906007806004932,0.9716411010604292
gn,leaky_relu,2025,BraTS20_Training_016.npy,0.09084104515145583,12.041594578792296,0.04759188619029914,0.995525719645595,0.8240904105233106,2.23606797749979,0.9047746467988953,0.7566181835134875,0.6701793014915122,2.23606797749979,0.9809684590737714,0.5089381691647338,0.7756884807853585,4.0,0.6376271844998717,0.9900597169135763,0.9219093253476911,1.0,0.9299175036265376,0.9140378975330162
gn,leaky_relu,2025,BraTS20_Training_017.npy,0.6292673919272307,5.656854249492381,0.48637854730227,0.8910373637548017,0.9105797018807401,1.0,0.9423417505140285,0.8808889472660714,0.8557913403483403,1.0,0.9372571579547314,0.7873549313499094,0.879005333712343,1.4142135623730951,0.8204154721916794,0.9466071568339474,0.9348488364167676,1.0,0.9541024580528212,0.9163569132190772
gn,leaky_relu,2025,BraTS20_Training_018.npy,0.34958601334327494,8.91051859689777,0.5571847343934095,0.2546916855939452,0.8047754934709946,3.7416573867739413,0.8267799447584587,0.7839119580703625,0.7157611119987403,13.0,0.9404129738028734,0.5777455578914622,0.7005955591037799,12.409673645990857,0.9533398774393915,0.5537803122574028,0.8119611360659152,3.1622776601683795,0.8467401472246776,0.779926431785617
gn,leaky_relu,2025,BraTS20_Training_019.npy,0.6606521607048457,3.7416573867739413,0.5218930496349049,0.8999196772692054,0.774645509627227,2.23606797749979,0.7895053760045139,0.7603346861236291,0.8087461939252947,1.0,0.8933047988450986,0.7388116302243476,0.917824882646731,1.0,0.8629483618713446,0.9801547811054977,0.903090818107488,1.0,0.8869557273587333,0.919823830053082
gn,leaky_relu,2025,BraTS20_Training_020.npy,0.704108083689942,5.830951894845301,0.554238378221008,0.9650691277969666,0.69893281927672,7.681145747868608,0.8055520434906077,0.6172379910298733,0.7041286900932988,2.0,0.714822869939609,0.6937497761462024,0.7996569258939893,4.123105625617661,0.6716196516140576,0.9880108853900837,0.8984377887288418,1.4142135623730951,0.8446574389966609,0.9595323622047967
gn,leaky_relu,2025,BraTS20_Training_021.npy,0.15623919752423365,9.9498743710662,0.08477119248022807,0.9955946697975916,0.7533349585954277,3.605551275463989,0.6934816760096567,0.8244958636738093,0.7147037299259892,1.4142135623730951,0.9760239727738129,0.5637622608890898,0.9023884624584151,1.0,0.8830481550837042,0.9225949116796998,0.7972619932575474,3.0,0.7410331540666794,0.8627246593819373
gn,leaky_relu,2025,BraTS20_Training_022.npy,0.8278695842662486,3.0,0.7464561849658052,0.9292159605682615,0.8908605566428295,1.0,0.9349270294456051,0.8507611253366769,0.8704118997160099,1.0,0.8413918002077867,0.9015053505224595,0.9229220540946383,1.0,0.8678395401417112,0.9854707186858893,0.9470162230479051,1.0,0.947370738872637,0.9466619723119508
gn,leaky_relu,2025,BraTS20_Training_023.npy,0.9045103609065337,1.0,0.8445894660121575,0.9735829234192042,0.7917215606410708,1.4142135623730951,0.7003432636774407,0.9105234154762957,0.851110579961256,1.0,0.8145743797983228,0.8910782147518722,0.9346570394300068,1.0,0.8863402939139905,0.9885452456481194,0.8756451117026091,1.0,0.7983610143232835,0.969495629290841
gn,leaky_relu,2025,BraTS20_Training_024.npy,0.6183986364795585,27.586228448267445,0.5655306707584603,0.6821705410331912,0.7784971193452566,3.0,0.801423402375508,0.7568460582568789,0.7830326667671342,2.23606797749979,0.6471815291105194,0.9910701314134819,0.8111796468941503,3.0,0.6844212289597296,0.9955631961646259,0.8536635656328513,2.0,0.8297807119983752,0.8789619600770584
gn,leaky_relu,2025,BraTS20_Training_025.npy,0.9546772547857482,0.0,0.938231669265644,0.9717096511716513,0.8375567370201586,1.4142135623730951,0.8840341653296008,0.7957222411917297,0.9008045878502172,1.0,0.9280100952630012,0.875148760751299,0.9679245281714387,0.0,0.972933430606916,0.9629669354635254,0.9192518669672031,1.0,0.9470158093403848,0.8930694848159093
gn,leaky_relu,2025,BraTS20_Training_026.npy,0.5526273063733821,5.916079783099616,0.45439174116366315,0.705053851553364,0.8911923661230087,1.0,0.8818466679979218,0.9007382750180843,0.6868087761579538,3.605551275463989,0.6504899473515416,0.7274230111810773,0.7989009425996966,3.3166247903554,0.7245438659741231,0.890265361832102,0.9328153998609401,1.0,0.9079670406105674,0.9590620783755556
gn,leaky_relu,2025,BraTS20_Training_027.npy,0.8145341288271299,3.3166247903554,0.9067375466234399,0.7393516766496875,0.6394894751373552,7.874007874011811,0.9769370677878169,0.4753106084179544,0.8296119168805984,1.0,0.7659307871324995,0.9048424607705347,0.9191826653152269,1.0,0.9080785421209309,0.9305617158229922,0.7499205447928536,5.477225575051661,0.9912975631689926,0.6030743390715756
gn,leaky_relu,2025,BraTS20_Training_028.npy,0.8054033765062639,1.4142135623730951,0.9343548651674127,0.7077288305094582,0.30653306588654666,5.0,0.3486506193496524,0.27349449252825847,0.644977995295539,2.0,0.625770186330375,0.6654022980857445,0.8456324335446884,1.4142135623730951,0.8819527805242412,0.8121852347302634,0.8664487666872873,1.4142135623730951,0.925578669339985,0.8144201431640011
gn,leaky_relu,2025,BraTS20_Training_029.npy,0.8029486793225158,1.0,0.8363851102398989,0.7720828747432776,0.9214038915328783,1.0,0.9219571663442405,0.9208512802063044,0.8536585357591381,1.0,0.7735484989062472,0.9522781236184882,0.9195468641896625,1.0,0.8617798203113608,0.9856148476633955,0.9333570199264078,1.0,0.9268977240257738,0.9399069735655888
gn,leaky_relu,2025,BraTS20_Training_030.npy,0.30913348801342627,21.86090145755108,0.18878718427467286,0.852713156260642,0.8524280007937097,1.4142135623730951,0.8425559370045979,0.8625341452619079,0.813476407753293,1.4142135623730951,0.8383476974494265,0.7900383129654586,0.8385441280042244,8.763158134934214,0.7862479412609245,0.8982928227744607,0.859741786994261,1.4142135623730951,0.8463141363566863,0.8736023940236914
gn,leaky_relu,2025,BraTS20_Training_031.npy,0.7636837527051232,2.8284271247461903,0.7967970980559042,0.7332128448029851,0.8596214806088927,1.4142135623730951,0.8649102608441862,0.8543969871074409,0.8854065545958936,1.0,0.8752513247691229,0.8958002053616125,0.923297943003732,1.0,0.9244640911748012,0.9221347328356484,0.9215779699383291,1.0,0.9256718614645144,0.917520130279816
gn,leaky_relu,2025,BraTS20_Training_032.npy,0.799018232258753,3.605551275463989,0.7241642294087146,0.8911309230546991,0.6467596693665097,2.449489742783178,0.7641675846040049,0.5606244434517315,0.7991932306182639,1.0,0.8494196373006173,0.7545750109107524,0.8993292468777236,1.0,0.8923121050531773,0.9064576285659998,0.8960568356694709,1.0,0.9471320751142898,0.850208325988209
gn,leaky_relu,2025,BraTS20_Training_033.npy,0.7256824428823571,5.656854249492381,0.6163431576607439,0.8821814424932577,0.9268424246029968,1.0,0.9092657608599943,0.9451120183476367,0.9092165606241074,1.0,0.903991504213885,0.9145023690903619,0.9359066308196069,1.0,0.8840484496472805,0.9942279271360234,0.9495004480076754,1.0,0.9246207795690246,0.9757560630518136
gn,leaky_relu,2025,BraTS20_Training_034.npy,0.8529729999615074,2.23606797749979,0.8245682311726742,0.8834045653688082,0.8517239682404482,1.4142135623730951,0.9292307029859125,0.7861514154055693,0.7936104302571523,2.8284271247461903,0.702619729552755,0.911674101916468,0.8962276652855784,1.7320508075688772,0.8267867064962128,0.9784026934870304,0.9331398182041473,1.0,0.940823168298426,0.9255809455285632
gn,leaky_relu,2025,BraTS20_Training_035.npy,0.5440966434943773,8.12403840463596,0.38181742237458555,0.9462844121855885,0.696809039282811,4.242640687119285,0.754376524338364,0.6474047162590343,0.8054989621269447,1.0,0.8718160082137433,0.7485578791985852,0.8340938380723706,2.8284271247461903,0.7450838033635322,0.9472559927879806,0.8594736661870176,2.0,0.8273750064629389,0.8941634350514674
gn,leaky_relu,2025,BraTS20_Training_036.npy,0.6956521691871456,4.0,0.8752136602527579,0.5772266000312672,0.7790265926848838,3.0,0.8553327447605413,0.7152201946607516,0.822790112250953,1.4142135623730951,0.7607979841936898,0.8957810697929737,0.866243193406313,1.0,0.8303757814363678,0.9053490119397781,0.878836833318631,1.0,0.9174311920416681,0.843358550884684
gn,leaky_relu,2025,BraTS20_Training_037.npy,0.8275008434637668,1.4142135623730951,0.8034524190937917,0.8530332898120482,0.8049673746451756,3.0,0.6842614951558293,0.9773803400505967,0.8447573987439919,1.0,0.8009597323868421,0.8936219732358613,0.9303967494215499,1.0,0.8904045551205149,0.9741503552121669,0.8384988773929002,2.8284271247461903,0.7241971389644626,0.9956436586567842
gn,leaky_relu,2025,BraTS20_Training_038.npy,0.7627400570781088,4.123105625617661,0.7297453696665265,0.7988596760649777,0.7853467828954813,2.23606797749979,0.7580860493158968,0.8146412378647127,0.7649166814269582,2.23606797749979,0.7084007464391617,0.8312320494420328,0.8380913981363544,2.23606797749979,0.7838888403144811,0.9003465046643745,0.9010240486118952,1.0,0.859481522243852,0.9467864042305006
gn,leaky_relu,2025,BraTS20_Training_039.npy,0.9217709712701639,1.0,0.8943798435168284,0.9508928555101428,0.8804466458343202,1.0,0.9581544081138558,0.8143977632434061,0.8648670230553203,1.0,0.8443006386680956,0.8864603791040764,0.92147444521521,1.0,0.8977810490599532,0.9464523276350043,0.9235007923663429,1.0,0.9664050294165419,0.8842441458798602
gn,leaky_relu,2025,BraTS20_Training_040.npy,0.937093962674406,1.0,0.9373910281939076,0.9367970848847368,0.9139978975375934,1.0,0.8879471355045658,0.9416234246500158,0.8717650997271932,1.0,0.8136462150660028,0.9388255658448393,0.9497767720959484,1.0,0.9145133854669228,0.9878687201782269,0.9424507372729752,1.0,0.9129943334092097,0.9738712440132411
gn,leaky_relu,2025,BraTS20_Training_041.npy,0.705327243979715,5.0,0.6046450923678364,0.8462381269311974,0.9320839150643424,1.0,0.9364794968161185,0.9277294037294491,0.8091815156694766,1.7320508075688772,0.8765868330367925,0.7514022876919427,0.8629621617889893,1.4142135623730951,0.8696940635669014,0.856333675887115,0.9542909855884365,0.0,0.9592694838310654,0.9493638960727786
gn,leaky_relu,2025,BraTS20_Training_042.npy,0.9427846317705393,1.0,0.9446122855263785,0.9409640362436856,0.9123147293616649,1.0,0.9536392508773267,0.8744229276918907,0.8634912113609308,1.0,0.8341888314231406,0.8949271326649644,0.9623160570758199,0.0,0.947173474098354,0.9779506788927994,0.9569066658300232,0.0,0.9669920424539951,0.9470294912456148
gn,leaky_relu,2025,BraTS20_Training_043.npy,0.7254626367703647,3.1622776601683795,0.6094057445702367,0.8961226825922376,0.7427026829558074,3.7416573867739413,0.6886922582886343,0.805905511493738,0.5507829965306869,3.7416573867739413,0.4691310957731284,0.6668472336573823,0.7570725701437019,2.449489742783178,0.6389826101233032,0.9287061468715464,0.8020431226898118,3.0,0.7299687406209172,0.8899094518631003
gn,leaky_relu,2025,BraTS20_Training_044.npy,0.051886791229085114,9.478905203237856,0.027363183398925787,0.49999977272737606,0.7250194169030428,4.898979485566356,0.6192316563110108,0.8743992825002856,0.7932519713092175,1.4142135623730951,0.7825778981403831,0.8042212459663665,0.7700934555448802,2.23606797749979,0.6813671406760357,0.8853868131419282,0.7612344999661107,4.123105625617661,0.6523759787716052,0.9136985292812854
gn,leaky_relu,2025,BraTS20_Training_045.npy,0.8464816007596896,1.0,0.7921701300192302,0.9087884662400967,0.8521052840237426,1.0,0.8319755070229942,0.8732332995089367,0.89455153804253,1.0,0.9064112941740685,0.8829981265693093,0.9581907882028349,0.0,0.9489977885460806,0.9675636361877157,0.9407692431031203,1.0,0.9263670759341386,0.9556263013971036
gn,leaky_relu,2025,BraTS20_Training_046.npy,0.1305263144155125,9.9498743710662,0.3803680748240445,0.07878017688970551,0.5590850322110223,12.529964086141668,0.4035954280616864,0.9094674167414305,0.6754924098305056,7.280109889280518,0.7708179751597791,0.6011494218324746,0.5930318739979444,7.0,0.7894736790166206,0.4748713871196225,0.5970693272344411,12.206555615733702,0.4462330085173537,0.9019466068398517
gn,leaky_relu,2025,BraTS20_Training_047.npy,0.8521327697381202,3.0,0.7800628200429616,0.9388754025473057,0.7653324619534935,3.0,0.6651049208244448,0.9011272263876567,0.8566525992275885,1.0,0.8658479419812356,0.847650513690758,0.9304948234734685,1.0,0.8973909968676876,0.9661345277399147,0.8824206232650363,1.7320508075688772,0.8063460958089882,0.9743449631636344
gn,leaky_relu,2025,BraTS20_Training_048.npy,0.754807689283623,2.449489742783178,0.6633802770184488,0.8754646758785811,0.4031604177187108,12.449899597988733,0.26425634251522373,0.8499064243918822,0.5636672306836427,4.47213595499958,0.4066633983015022,0.9181415827639205,0.7134717869629263,2.449489742783178,0.5608205704685912,0.980303025352005,0.5066014170090734,12.041594578792296,0.33988850496258816,0.9942971475794926
gn,leaky_relu,2025,BraTS20_Training_049.npy,0.36863378845081823,6.782329983125268,0.2268656693844212,0.9827585783293716,0.9213082378565504,1.0,0.9071410145226807,0.9359249931552488,0.8676248097987584,1.0,0.9429980790819454,0.8034088237137315,0.9540844138356589,0.0,0.9398366975938189,0.9687707619739298,0.9300570942813343,1.0,0.9157902383311008,0.9447755039081074
gn,leaky_relu,2025,BraTS20_Training_050.npy,0.8043251821496411,3.1622776601683795,0.6945745286423258,0.9552684283253079,0.674359502481503,11.180339887498949,0.7912637002004644,0.5875523635023624,0.8469238164462044,1.0,0.8701172504793298,0.8249347456395103,0.9246945658620185,1.0,0.8695025342414328,0.987368166921595,0.9389179298916024,1.0,0.9175499986057125,0.9613048247262028
gn,leaky_relu,2025,BraTS20_Training_051.npy,0.8586685643067894,1.0,0.8132164513076726,0.9095022601571084,0.9210530193537728,1.0,0.901284417695231,0.9417082700383012,0.8697238775210948,1.0,0.8183899268840977,0.9279287065859763,0.9306739193319208,1.0,0.8771789900437627,0.9911174040994353,0.9361396451008785,1.0,0.9111787446811566,0.9625066253388734
gn,leaky_relu,2025,BraTS20_Training_052.npy,0.8763850073452307,1.0,0.8175444889132761,0.9443521575075745,0.862839255706819,1.0,0.9677638136972816,0.778440999718096,0.8605735723073848,1.0,0.8614509542160862,0.8596979748744801,0.9462010053915406,1.0,0.9230562455997203,0.9705362813745946,0.9185080927845991,1.0,0.9802233012115797,0.8641038087866655
gn,leaky_relu,2025,BraTS20_Training_053.npy,0.6952562469847224,6.4031242374328485,0.5447606400524677,0.9606437440224671,0.9325623710754696,1.0,0.9249328252717118,0.940318832230577,0.8587607530987909,1.0,0.8706116130816829,0.8472281898933948,0.8539754118070608,2.23606797749979,0.7534934390822351,0.9853806597377311,0.9522708423780847,0.0,0.9293827938945178,0.9763146895778644
gn,leaky_relu,2025,BraTS20_Training_054.npy,0.8396295745703148,1.0,0.8588182215323737,0.821279653743667,0.7128300270140102,3.0,0.5866434895617572,0.9081784788871674,0.8775650638063405,1.0,0.8081110061391119,0.960080302308671,0.9230944350645132,1.0,0.8667699869423978,0.9872477703420129,0.8523630041216406,1.7320508075688772,0.7477342332961142,0.9910365165035726
gn,leaky_relu,2025,BraTS20_Training_055.npy,0.7583905055086311,5.196152422706632,0.6286504755169836,0.9556074744027864,0.9346998444628558,1.0,0.9268050318670294,0.9427303134470463,0.8865189130219858,1.0,0.9665697662711122,0.8187134494524332,0.9333425958062654,1.0,0.9101070309510182,0.9577956790776391,0.9468907955611817,1.0,0.9368470696277877,0.9571522082152524
gn,leaky_relu,2025,BraTS20_Training_056.npy,0.8137082595947098,5.830951894845301,0.7606195719776818,0.8747638314780516,0.5456164904741009,6.48074069840786,0.4134207479688485,0.8020950235670642,0.8061042605771934,3.605551275463989,0.7304305497011238,0.8992699929727228,0.8708492272626699,3.0,0.7959255805417803,0.9613444069854287,0.7998822502858958,4.123105625617661,0.681075869915921,0.9688957153522146
gn,leaky_relu,2025,BraTS20_Training_057.npy,0.802312137403283,2.300094507084845,0.7713559835777835,0.8358568450245807,0.9086188166740443,1.0,0.8725209580490121,0.9478324556820705,0.8673740048048818,1.0,0.8732149066838327,0.8616107218906969,0.9273838522343104,1.0,0.9223771459595501,0.9324452076214481,0.9300391697532223,1.0,0.897245797778353,0.965320602756575
gn,leaky_relu,2025,BraTS20_Training_058.npy,0.436999038036497,20.615528128088304,0.7801946186031343,0.3034958805375581,0.5168154981731695,9.219544457292887,0.4239194948977608,0.6618508064820666,0.5229641859206501,15.0,0.7553667251708904,0.3999210730860923,0.48910326365364515,17.204650534085253,0.80814426945425,0.3506663973266694,0.6788812912970026,7.0710678118654755,0.663180832585447,0.6953431765717533
gn,leaky_relu,2025,BraTS20_Training_059.npy,0.46633277425524333,3.4641016151377544,0.4650388405656067,0.4676339233523,0.7505347956964783,4.123105625617661,0.6915495908192285,0.8205204752846094,0.8214685023426443,1.0,0.9402730295198547,0.7293183274035848,0.8267857124402105,1.4142135623730951,0.8933912161437954,0.7694225144602305,0.7876998057106893,3.7416573867739413,0.7358206648908787,0.8474493419625625
gn,leaky_relu,2025,BraTS20_Training_060.npy,0.8717111867664914,2.23606797749979,0.9456912512552069,0.808466051593338,0.8470016142010282,1.4142135623730951,0.8061915509596161,0.8921636541150442,0.8384694159952614,1.0,0.8353326732405808,0.8416298044722261,0.9299840398404019,1.0,0.9703156672544697,0.8928714188160235,0.9298586500165387,1.0,0.9187479224593684,0.9412413986353959
gn,leaky_relu,2025,BraTS20_Training_061.npy,0.8232632189531022,3.0,0.7141610923027608,0.971711175130146,0.6300208889107605,7.0,0.7070328188787236,0.568137781950336,0.7940922184480603,1.0,0.8436925890329262,0.7499999989793141,0.9121760349776562,1.0,0.8779269195541186,0.9492058365321246,0.879345987389742,1.4142135623730951,0.8965748498699043,0.8627667907330628
gn,leaky_relu,2025,BraTS20_Training_062.npy,0.9155788094400055,1.0,0.8746001594989004,0.9605862650488082,0.9104737619643746,1.0,0.900864553216153,0.9202901769813262,0.9157794348426779,1.0,0.971635205198011,0.865996451547606,0.96964418513234,0.0,0.9878766124328773,0.9520725635697537,0.9507209042553686,0.0,0.9505369230749908,0.9509049566035506
gn,leaky_relu,2025,BraTS20_Training_063.npy,0.4115346998458715,3.1622776601683795,0.5488917790235752,0.3291634063396137,0.8132146154754952,1.4142135623730951,0.831211457299372,0.7959805688199061,0.7303550956921991,2.23606797749979,0.7071872195776964,0.7550923697058627,0.744969582366293,2.23606797749979,0.7904667302533375,0.7044247766831128,0.8779112888006559,1.0,0.9052390050437943,0.8521851819049714
gn,leaky_relu,2025,BraTS20_Training_064.npy,0.8461679702243561,3.1622776601683795,0.7749377814903392,0.9318181815669636,0.542838697652209,8.0,0.7401911464158758,0.42857142841540286,0.7301880673264934,2.23606797749979,0.6377513450473657,0.8539628362328544,0.880821354028944,1.7320508075688772,0.7901665601994511,0.9949733697338606,0.8445206029160341,2.23606797749979,0.8229922245135947,0.8672055426298025
gn,leaky_relu,2025,BraTS20_Training_065.npy,0.7648725169129036,3.7416573867739413,0.6604696608564613,0.9084791264000118,0.7627798194197335,5.385164807134504,0.8659617842368964,0.6815688320776323,0.8911331720453044,1.0,0.9319727857788299,0.8537225291776892,0.9294071237946535,1.0,0.926605502158308,0.9322257359382232,0.8006487069464548,4.0,0.8919938966947748,0.7262741506011069
gn,leaky_relu,2025,BraTS20_Training_066.npy,0.893776249794749,1.0,0.8610947603574238,0.9290363535020856,0.9007612801192678,1.0,0.9075259473943746,0.8940967136885747,0.7917222959147213,1.4142135623730951,0.7527986142495111,0.8348905659351202,0.9005511781352751,1.0,0.8612638245512814,0.9435941036397434,0.9368129533499148,1.0,0.9313379387984835,0.9423527198403115
gn,leaky_relu,2025,BraTS20_Training_067.npy,0.7963440352489599,3.0,0.6799263641108321,0.960864154551675,0.9292143097154675,1.0,0.8988267843120558,0.9617284124960179,0.8994841591171221,1.0,0.9693027857184576,0.8390477671475697,0.9651824668489146,0.0,0.9623462300243881,0.968035470783309,0.9557293728620204,0.0,0.9334601278623466,0.9790871257464983
gn,leaky_relu,2025,BraTS20_Training_068.npy,0.8278570417211873,4.242640687119285,0.7392774241904948,0.9405533793794997,0.7874260929350683,2.23606797749979,0.8993987632740288,0.7002472389318454,0.8330512058001653,1.0,0.8376595738740004,0.8284932654121119,0.9003152890307108,1.4142135623730951,0.8460994159897106,0.9619548818550079,0.9332902874215583,1.0,0.9546370966082736,0.91287727680613
gn,leaky_relu,2025,BraTS20_Training_069.npy,0.8244785750240606,2.8284271247461903,0.7148927346279963,0.9737436469694074,0.703446291950941,12.12435565298214,0.5772687417312524,0.9002116720921087,0.8133113201860376,1.0,0.8036593942782552,0.8231979024749686,0.8971518248369016,1.0,0.8265051960186363,0.9810044851906332,0.7860865536506936,9.433981132056603,0.6630802195724217,0.9651243256675933
gn,leaky_relu,2025,BraTS20_Training_070.npy,0.5553435709644564,9.643650760992955,0.3938251340132968,0.9414634136357758,0.5980503535386722,5.196152422706632,0.7274875175073612,0.5077157611512303,0.710203759622353,2.0,0.707054853090281,0.7133808387067452,0.7323614548996684,5.385164807134504,0.595108541462589,0.9519038980272422,0.8694067190073796,1.7320508075688772,0.8429259501640863,0.8976052542530524
gn,leaky_relu,2025,BraTS20_Training_071.npy,0.2247673583038406,17.029386365926403,0.13135876818715067,0.7779980101288602,0.8964754216197032,1.0,0.9350529258934976,0.8609549783433275,0.7899071645846669,3.7416573867739413,0.6599840885759872,0.9835210421060806,0.6689531973315637,10.392304845413264,0.5047988781921714,0.991317237408601,0.9279536451720969,1.0,0.9351354560552688,0.9208813056552694
gn,leaky_relu,2025,BraTS20_Training_072.npy,0.7452948553023322,4.242640687119285,0.6441301266910607,0.8841573894846526,0.6531304426788511,4.47213595499958,0.811942679464419,0.5462805005565773,0.8811963034924867,1.0,0.8519681440778785,0.9125011461944721,0.9259581981659802,1.0,0.8731758620287532,0.9855323356039242,0.8298364532677703,2.23606797749979,0.8908210405267812,0.7766667385723747
gn,leaky_relu,2025,BraTS20_Training_073.npy,0.8826708620902574,1.0,0.8637033058458919,0.9024902057883462,0.8472046498987468,1.0,0.8373323664960738,0.85731250200122,0.8334675899073801,1.0,0.8202959822195603,0.8470690963354774,0.9457247725658208,1.0,0.9284068752268847,0.9637010233835913,0.9182796922907115,1.0,0.9052539363181441,0.9316857774801909
gn,prelu,2025,BraTS20_Training_001.npy,0.8936775899060981,1.0,0.8741177226742747,0.9141328631989349,0.8904087376966698,1.0,0.8179126351926795,0.9770061771629561,0.8936050792974348,1.0,0.9182467014208613,0.8702514345209581,0.9533843895082335,0.0,0.9628111610599024,0.9441404207760983,0.9207963840935317,1.0,0.8630309003396137,0.9868494486203653
gn,prelu,2025,BraTS20_Training_002.npy,0.9326560531353917,1.0,0.97216157099109,0.8962359089208576,0.8081964062777692,2.23606797749979,0.9430376043544383,0.7070921155454889,0.8587536181176645,1.0,0.8605894016482067,0.8569256486894852,0.9463099742578642,1.0,0.9705264491880282,0.9232725725650865,0.8560483896944017,1.7320508075688772,0.9705250274646262,0.7657282135521414
gn,prelu,2025,BraTS20_Training_003.npy,0.7145214462498231,3.1622776601683795,0.5907230478755382,0.9039665782052907,0.7027628744292195,4.47213595499958,0.738418468807172,0.6703920337475134,0.8498287936575432,1.0,0.8692461612099861,0.8312599654505264,0.9091899238812935,1.0,0.8949343315600795,0.9239070256671084,0.7414833527925134,4.0,0.7729392422005102,0.7124876296658561
gn,prelu,2025,BraTS20_Training_004.npy,0.774986947749297,4.242640687119285,0.6747474740659116,0.9102057488619625,0.9324752028834457,1.0,0.9759795970759727,0.8926837306643487,0.8913568998033294,1.0,0.9139305978059268,0.8698714436064884,0.9318946308741656,1.0,0.8955875557766542,0.9712698625090972,0.9487927319545552,1.0,0.9728966507958134,0.9258543066454598
gn,prelu,2025,BraTS20_Training_005.npy,0.5729774800396633,30.70422695430391,0.411500448003892,0.9430336242756786,0.4391201880998427,67.54257916307313,0.35960115735027154,0.5637922325673418,0.7351111107027161,25.80697580112788,0.6705858497156032,0.8133759517907845,0.8254079659477944,25.942243542145693,0.7124574019595173,0.9809196111136278,0.7564584594431599,5.0990195135927845,0.6422282857219646,0.920115069026986
gn,prelu,2025,BraTS20_Training_006.npy,0.5559034942153926,6.4031242374328485,0.39401735250503567,0.9435854059632938,0.9132810053382451,1.0,0.8977722587429795,0.9293349885268966,0.8163129157113967,1.0,0.931973061439921,0.7261908478131529,0.9160739685978541,1.0,0.8702702700758833,0.966966966726983,0.9374077430703314,1.0,0.9115194508341175,0.9648095404172587
gn,prelu,2025,BraTS20_Training_007.npy,0.8493024668874714,13.99642400437688,0.8151854007793249,0.8863999971635199,0.8707114711742461,1.0,0.9027233474251998,0.8408922160497178,0.8852138485660173,1.0,0.88212371995109,0.8883257016214426,0.9321204378486433,1.0,0.916710263768222,0.9480575685011822,0.9080165450920799,1.0,0.9297400859833765,0.8872849751263598
gn,prelu,2025,BraTS20_Training_008.npy,0.19451371328536518,7.14142842854285,0.4968152549799201,0.12093023068325225,0.8073658879832616,1.7320508075688772,0.8734528446224621,0.7505760058000921,0.83917995061877,1.0,0.7605284825720191,0.9359756002441504,0.7260593903034388,5.385164807134504,0.795321631613146,0.6678944096507403,0.8219287824495249,1.4142135623730951,0.8896630084353487,0.7637787188387167
gn,prelu,2025,BraTS20_Training_009.npy,0.7311827955514166,11.40175425099138,0.7147026342030672,0.7484409198577454,0.8179427294466927,2.449489742783178,0.8281942401550267,0.8079419050534166,0.68456275833018,4.123105625617661,0.5415807154001727,0.9301234898002148,0.7953853720912331,4.358898943540674,0.6785344295371527,0.9608549514473538,0.9005405603452328,1.0,0.8487246279435722,0.959094757345549
gn,prelu,2025,BraTS20_Training_010.npy,0.6640316139917825,4.123105625617661,0.6449136152607752,0.6843177050037128,0.8064263824279178,2.23606797749979,0.8451904209301501,0.771062181058488,0.8726422960502067,1.0,0.8076625972382782,0.9489925559103422,0.8890257034869742,1.0,0.8258507280156553,0.9626666650622223,0.8329285046070309,2.23606797749979,0.8572656725283894,0.8099350203467136
gn,prelu,2025,BraTS20_Training_011.npy,0.44601478973539066,5.385164807134504,0.2948077334459967,0.9156545147391734,0.884972272455392,1.0,0.946136326059279,0.8312360754123203,0.787954830065555,1.0,0.9788707984432442,0.6593560421612739,0.9132201062536244,1.0,0.89900741938999,0.9278893963319182,0.908445145932729,1.0,0.9561605556477437,0.8652656755740191
gn,prelu,2025,BraTS20_Training_012.npy,0.765453004306831,3.1622776601683795,0.7837017738027664,0.748034750732169,0.7765633481795605,7.0710678118654755,0.7022757351512422,0.8684266098899542,0.846334055664786,1.0,0.8165076162455925,0.8784221886195566,0.9184565198360167,1.0,0.9012077283801839,0.9363784653828856,0.8555877835086866,4.242640687119285,0.7909214217876656,0.9317700394173808
gn,prelu,2025,BraTS20_Training_013.npy,0.8826453194775047,1.0,0.8036394809416545,0.9788789590589777,0.8284414439641266,1.4142135623730951,0.8874669850058272,0.7767778509531104,0.6917883875146823,1.4142135623730951,0.6976974481364262,0.6859785767137815,0.9019809241005206,1.0,0.8458204328546127,0.9661296652525504,0.8969811319814485,1.0,0.9233259239682932,0.8720980002706634
gn,prelu,2025,BraTS20_Training_014.npy,0.5711134328508571,4.0,0.5347901711950531,0.6127304426846906,0.8044324306065336,2.23606797749979,0.9364763419516839,0.7050235477800737,0.8382108455368225,1.0,0.898099976872823,0.7858097071961755,0.8965367099841192,1.0,0.919165240339571,0.8749955731877915,0.8710654534951605,1.4142135623730951,0.9732024008622947,0.7883306715775431
gn,prelu,2025,BraTS20_Training_015.npy,0.2887752144688976,11.090536506409418,0.17244956752455382,0.8873072307988895,0.9220822670505701,1.0,0.947625685257167,0.8978797590164935,0.8608192387139297,1.0,0.8509220163842235,0.8709494020796482,0.736131827283141,5.0,0.5862985797441316,0.9888369420963297,0.943482794539846,1.0,0.938836431478219,0.948175376577094
gn,prelu,2025,BraTS20_Training_016.npy,0.07937647418063909,12.529964086141668,0.04138889877673206,0.9658901749925942,0.8209275474440372,2.0,0.9347441653751141,0.7318195066189548,0.6600066941321849,2.23606797749979,0.9835776218374817,0.49662895207043206,0.782265170536588,3.7416573867739413,0.6482887881193007,0.9860422062250862,0.9173722870851606,1.0,0.952619729765372,0.8846401262529687
gn,prelu,2025,BraTS20_Training_017.npy,0.6424656297578708,5.0,0.5099129931394766,0.8681398716169504,0.9006920433988246,1.0,0.9487104302144345,0.8573003221068657,0.8474313403247616,1.0,0.9435890042544409,0.7690593469750653,0.8846789953072174,1.0,0.842979942089556,0.93071812643885,0.9255589984857913,1.0,0.9618225979417842,0.8919305393760579
gn,prelu,2025,BraTS20_Training_018.npy,0.21746674252477305,10.658305276312642,0.5513196319261106,0.13544668490312187,0.7729300280982523,5.0990195135927845,0.8335287780702335,0.7205453377908133,0.6780662852479074,12.884098726725126,0.9474926197788046,0.5279421415912486,0.6056294453980368,12.206555615733702,0.9616895827029,0.4419864549842292,0.7841760880457017,4.58257569495584,0.8642203507760615,0.7177023517126798
gn,prelu,2025,BraTS20_Training_019.npy,0.6289826543061984,4.242640687119285,0.47633687304235434,0.9255973915177456,0.7766256730213356,2.23606797749979,0.831139784588757,0.72882250858836,0.8012402531570653,1.0,0.8953429115506544,0.7250371342424187,0.9106810859381808,1.0,0.8463035962202251,0.9856592217516953,0.9032551475329715,1.0,0.9069570973110128,0.89958329538464
gn,prelu,2025,BraTS20_Training_020.npy,0.716630987842314,4.929285639895273,0.5661262419528338,0.9761372108498944,0.7168940908962935,6.4031242374328485,0.867285567058485,0.6109520718843019,0.7171604977431053,1.4142135623730951,0.8092675191472454,0.6438774011896531,0.8350638447873526,3.0,0.7250453951966237,0.9844433640085604,0.9066252839117747,1.0,0.8864655121974596,0.9277233303072457
gn,prelu,2025,BraTS20_Training_021.npy,0.10653409053077381,10.862780491200215,0.056264065805461116,0.9999999333333378,0.7393865669060062,3.4641016151377544,0.682099457923595,0.807178630745493,0.721490941324787,1.4142135623730951,0.921744918675508,0.5927194848121639,0.8870245010134193,1.0,0.820603279554413,0.9651452262133917,0.7859305640141796,3.0,0.7253513482214576,0.8575506797351967
gn,prelu,2025,BraTS20_Training_022.npy,0.8166051656749976,3.7416573867739413,0.7129510303536155,0.9555267692621688,0.874937340187192,1.0,0.9546436858796072,0.8075152333993421,0.869963215435385,1.0,0.8501728769825077,0.8906968716129848,0.9178433663941766,1.0,0.8582106600325715,0.9863820524510871,0.9420206493240042,1.0,0.9617134970254978,0.9231181127690559
gn,prelu,2025,BraTS20_Training_023.npy,0.8868997817576545,1.0,0.804522688109694,0.9880708276084421,0.8243234582489323,1.7320508075688772,0.8177734454304474,0.8309792434626737,0.85017648112104,1.0,0.8368839710735266,0.8638980643096762,0.937765035854457,1.0,0.8958689941253744,0.9837719292081629,0.9007409251104238,1.0,0.8794835005034934,0.9230514009180104
gn,prelu,2025,BraTS20_Training_024.npy,0.6459196231434908,29.13760456866693,0.5618305733946825,0.7596103192216684,0.7799208905288977,3.0,0.8160670397296445,0.7468409789065116,0.7133078011177866,8.602325267042627,0.5607073434026894,0.9800298301458156,0.7454744142287559,9.273618495495704,0.5982156471716427,0.9889070963135591,0.8447990091103219,2.23606797749979,0.8202428671515866,0.8708708331721675
gn,prelu,2025,BraTS20_Training_025.npy,0.9543125867760521,0.0,0.9325323470258101,0.9771345558846858,0.817066143466307,2.0,0.9122317124090473,0.7398805425006371,0.8980070337528266,1.0,0.944702575033154,0.8557102770156343,0.9670332609554155,0.0,0.9791378793846655,0.9552242748512609,0.9069203553963086,1.0,0.965167422285065,0.8553034872866775
gn,prelu,2025,BraTS20_Training_026.npy,0.5262193476010675,5.830951894845301,0.43445759505699244,0.6671221636142086,0.8936173091910876,1.0,0.9195808090718209,0.8690796616847699,0.689037935601282,2.449489742783178,0.6812383845745741,0.6970181500877191,0.8068715484225617,2.23606797749979,0.7553919741198429,0.865880884869039,0.9362934148730995,1.0,0.946494289198227,0.9263100765336731
gn,prelu,2025,BraTS20_Training_027.npy,0.8431954254041775,1.7320508075688772,0.9032705409646706,0.7906129872641989,0.5993542400742733,8.06225774829855,0.9791196796461452,0.4318536741435604,0.8441727944340964,1.0,0.7911097847308415,0.9048658971508456,0.9279708518321647,1.0,0.9120135360201419,0.944496515365542,0.7173280917105364,6.0,0.9938332731674119,0.5611925882146597
gn,prelu,2025,BraTS20_Training_028.npy,0.8273829565279699,1.0,0.8554762304449308,0.8010761441365137,0.329466022678197,5.916079783099616,0.4168490145571681,0.2723698316783393,0.6702145348022537,1.7320508075688772,0.6534428703346202,0.6878698217024695,0.8429884670422904,1.4142135623730951,0.8409363739889714,0.8450505992593991,0.851297040360957,1.7320508075688772,0.9102451406825641,0.799519601612971
gn,prelu,2025,BraTS20_Training_029.npy,0.8326055288715996,1.0,0.8446544545501804,0.8208955176756859,0.9245589020740903,1.0,0.9439561837538518,0.9059427551986547,0.869065560598092,1.0,0.809156286951138,0.9385554406133155,0.9294712113518816,1.0,0.8831484975883845,0.9809223359156943,0.9363195032163901,1.0,0.9481002708941155,0.9248279097426739
gn,prelu,2025,BraTS20_Training_030.npy,0.21998995369166272,21.95449840010015,0.125286040473192,0.9012345308133938,0.8279978956819228,2.23606797749979,0.8175892914833895,0.8386749379268507,0.802084155046906,1.4142135623730951,0.8261505922489013,0.7793801767729669,0.8264428975123189,9.651407104068891,0.7670001256591109,0.8958733901850712,0.8373360376127525,2.23606797749979,0.8228590985591903,0.8523314980759581
gn,prelu,2025,BraTS20_Training_031.npy,0.7767005226402736,3.0,0.7625018873508055,0.7914379790004109,0.8526528706236874,1.4142135623730951,0.8790835486290819,0.8277651405978523,0.8762037035008787,1.0,0.8648327541286636,0.8878776501745742,0.913339027526276,1.0,0.9003613651544183,0.9266962767028866,0.9164546250692663,1.0,0.9303718246496046,0.9029476566542074
gn,prelu,2025,BraTS20_Training_032.npy,0.7763217346164168,4.358898943540674,0.6551417304498008,0.9525041564359561,0.6329399004742295,2.449489742783178,0.8366041887137771,0.509022606487541,0.7868804232059222,1.0,0.8391718071325193,0.7407236470918187,0.8936599848868121,1.0,0.8632816977261722,0.9262542315012285,0.8887462705736581,1.0,0.966754716616319,0.8223870053857258
gn,prelu,2025,BraTS20_Training_033.npy,0.7280827818855399,5.744562646538029,0.6069973632794184,0.9095152586902778,0.9279576599859157,1.0,0.9385437336855906,0.9176077287236105,0.9148758021165144,1.0,0.9214192011234811,0.9084246822832709,0.9392370511146941,1.0,0.8901252305932559,0.9940847390892862,0.9518280359706932,0.0,0.9506442667631182,0.9530147569020141
gn,prelu,2025,BraTS20_Training_034.npy,0.8720600664133906,1.4142135623730951,0.8532230596676122,0.8917475970449242,0.8473823373061504,1.4142135623730951,0.9458658880085288,0.7674730479183041,0.8114535305174265,2.0,0.7528448625653521,0.8799578963303393,0.9109440930287723,1.0,0.8662220738321168,0.9605353971207514,0.9295835574900778,1.0,0.9621285749115865,0.8991682399449744
gn,prelu,2025,BraTS20_Training_035.npy,0.5104682262395953,8.06225774829855,0.3466967341741014,0.9674863058297561,0.7029505332320269,4.123105625617661,0.8085091114907056,0.6217722355380235,0.7917899406819915,1.0,0.8824499213245198,0.7180226706291426,0.8387081874630563,2.449489742783178,0.753381181390354,0.9458319224600036,0.8688988993061216,1.7320508075688772,0.860693443974989,0.877262314509992
gn,prelu,2025,BraTS20_Training_036.npy,0.7262079009794443,3.7416573867739413,0.8478632333698592,0.6350832185008551,0.7764717031109718,3.4641016151377544,0.9024900827429594,0.6813342200288353,0.8277310915675093,1.4142135623730951,0.7631222142879679,0.9042919419226717,0.8693735064584113,1.0,0.8232428656519784,0.9209809246380286,0.8773136565541165,1.0,0.9464382076723974,0.8175990671226113
gn,prelu,2025,BraTS20_Training_037.npy,0.8428841655486347,1.0,0.8275975081092566,0.8587461729296608,0.857231442356882,2.0,0.7637703380886486,0.9767550787948243,0.8564106211801771,1.0,0.8366367613626562,0.8771418148908918,0.9424329250363738,1.0,0.9224885258700967,0.963258785515061,0.883573487005176,1.7320508075688772,0.7971357537443121,0.9910369766132407
gn,prelu,2025,BraTS20_Training_038.npy,0.7537542214841495,4.69041575982343,0.6995563264857675,0.8170553105586851,0.7738198667124765,2.449489742783178,0.7610231944103417,0.7870542534312018,0.7210983980043253,5.0990195135927845,0.6536403233131548,0.8040826737412183,0.8063229802515969,4.242640687119285,0.7361413277822814,0.8912967122466645,0.8969274853756075,1.0,0.8580474350956373,0.9394982545277266
gn,prelu,2025,BraTS20_Training_039.npy,0.9215126042676365,1.0,0.8854974145906049,0.9605816381209152,0.8294332651531063,1.7320508075688772,0.9710065475952468,0.7238897464526632,0.8678937554877704,1.0,0.8712770927247178,0.8645365922446723,0.9236693931467997,1.0,0.9143443049141107,0.9331866475618833,0.8935222777332318,1.0,0.9867895780404625,0.8163629980509328
gn,prelu,2025,BraTS20_Training_040.npy,0.9399781348318859,1.0,0.9312622175034279,0.9488587419525955,0.9140602835441068,1.0,0.9325651246865201,0.8962755347466697,0.8846481362290337,1.0,0.8443647879108183,0.928967762219027,0.955511272123657,0.0,0.9272816233073273,0.9855137060184944,0.946419911189275,1.0,0.9505406248828369,0.9423347708398884
gn,prelu,2025,BraTS20_Training_041.npy,0.7009826849150169,5.0,0.5863778690334607,0.8712679299291666,0.9263335048220768,1.0,0.9582671307666631,0.8964595751337803,0.800633311715875,1.7320508075688772,0.8272477413594455,0.7756779963484133,0.8597810905545782,1.4142135623730951,0.8318661197316604,0.8896346002147328,0.9492545157153846,1.0,0.9716571103600683,0.9278616716559827
gn,prelu,2025,BraTS20_Training_042.npy,0.9432490309649069,1.0,0.9314702915752919,0.9553294768873531,0.8887895554836398,1.0,0.9742177465113815,0.8171357308570314,0.8663833803204324,1.0,0.8562762478061512,0.8767319632230547,0.9616279669853612,0.0,0.9500089404168878,0.9735347239670336,0.948637721852794,1.0,0.9813648330717671,0.9180229708619532
gn,prelu,2025,BraTS20_Training_043.npy,0.6881652432414741,5.0,0.6424635957448572,0.7408668011325918,0.7650690104916305,3.3166247903554,0.6984153683348198,0.8457871574128963,0.5564668758013315,3.605551275463989,0.504192071249268,0.620835285683551,0.7402415046754833,3.7416573867739413,0.6841422259484269,0.806362800846799,0.8229043510059838,2.23606797749979,0.7531325975171304,0.9069236210968008
gn,prelu,2025,BraTS20_Training_044.npy,0.022944550230505734,7.674608483668137,0.01492537276305043,0.04958677276142374,0.7572023970194997,3.605551275463989,0.717870327227809,0.8010943026706828,0.7440273012149239,2.23606797749979,0.7719546687538621,0.7180500611459153,0.7199536613960218,2.8284271247461903,0.6852260160682138,0.7583892571178202,0.795892522630797,3.1622776601683795,0.7548302868120991,0.8416792821464544
gn,prelu,2025,BraTS20_Training_045.npy,0.8357126215980458,1.0,0.7586394388843406,0.9302170524259449,0.8493273426712584,1.0,0.860775257936595,0.838179934605447,0.8930999670514492,1.0,0.9289039568543406,0.8599536221722639,0.9581715180676442,0.0,0.9591625649191877,0.957182516913941,0.9431748348953903,1.0,0.9489314928503105,0.9374876007917171
gn,prelu,2025,BraTS20_Training_046.npy,0.060521414988261565,15.0,0.39877298167036923,0.0327455917745814,0.5349950148484556,14.730919862656235,0.38524495997207364,0.8751957196795436,0.6711448578529647,7.615773105863909,0.8467207012032373,0.555878081490672,0.4798994966261675,7.810249675906654,0.879605257371018,0.329960512512437,0.6057571514651741,14.247806848775006,0.46439381419173575,0.8708462327807811
gn,prelu,2025,BraTS20_Training_047.npy,0.8374250640812473,3.4641016151377544,0.7759299055130006,0.9095066461614902,0.8005650243084221,2.23606797749979,0.732231592592749,0.8829652455259432,0.8573404958632216,1.0,0.9101590572450364,0.8103160469590707,0.9306331808303183,1.0,0.9269029333729231,0.9343935736255374,0.9002479858208946,1.4142135623730951,0.8577630388259149,0.9471607978771805
gn,prelu,2025,BraTS20_Training_048.npy,0.7627319354017689,2.23606797749979,0.680281685350129,0.8679245205038228,0.4777068286318191,14.48792230105064,0.33229885936368264,0.8493802668821218,0.5843293473295837,4.123105625617661,0.431161193379906,0.9062821739826759,0.7332732177939166,2.23606797749979,0.5874024831337692,0.9755278264130142,0.5796947448368202,13.92838827718412,0.4104791544134618,0.9862766036763279
gn,prelu,2025,BraTS20_Training_049.npy,0.3127090274857105,6.0,0.18606964988985422,0.9790575403634796,0.9173774462653158,1.0,0.9165856463587401,0.9181706151776572,0.8588293152252469,1.0,0.9569745109427938,0.7789426705800967,0.9528301876577722,0.0,0.9548775226581919,0.9507916111450757,0.9272167139898384,1.0,0.9266524983331239,0.9277816169701775
gn,prelu,2025,BraTS20_Training_050.npy,0.8210144328542656,2.449489742783178,0.7106510563361932,0.9719586014559818,0.6679631137733005,10.723805294763608,0.8581560276771792,0.5467803222004826,0.8407567632158243,1.0,0.8938589101205354,0.7936101682884884,0.9399950899289637,1.0,0.9006586334263121,0.9829245265766368,0.9368657329242285,1.0,0.9461444150920609,0.9277672722467825
gn,prelu,2025,BraTS20_Training_051.npy,0.8561627041703471,1.0,0.7853450195878962,0.941018042173396,0.9224146141245017,1.0,0.9310875249066405,0.9139017852910295,0.8762392065573077,1.0,0.836322013860113,0.9201578365207306,0.933690999778862,1.0,0.8823629936867022,0.9913594463700977,0.9399175871240257,1.0,0.9400180964925542,0.9398170991693956
gn,prelu,2025,BraTS20_Training_052.npy,0.8709074812005629,1.0,0.7961531533414469,0.9611545118030501,0.8484470325761843,1.4142135623730951,0.9765010967578293,0.7500842754588936,0.8589119385801693,1.0,0.8708950409198379,0.8472541231496616,0.9451955822942871,1.0,0.9231234453846359,0.9683490758717405,0.9101806068358423,1.0,0.9884594199698443,0.8433902213205907
gn,prelu,2025,BraTS20_Training_053.npy,0.7019701862285155,6.164414002968976,0.5586990786039168,0.9440628053496947,0.9369325747122339,1.0,0.9622618808131331,0.9129025384342164,0.8498176239098073,1.0,0.8873923593647689,0.8152956681049847,0.8631341361931778,2.23606797749979,0.7789304150542701,0.9677495286206748,0.9575654159854529,0.0,0.9661764503473464,0.9491065171049333
gn,prelu,2025,BraTS20_Training_054.npy,0.8490945667473343,1.0,0.8248383689297273,0.8748206013796515,0.7592924956744319,2.23606797749979,0.685701533746987,0.8505783965585889,0.8651343313929648,1.0,0.7895232831412201,0.9567614393334011,0.9077566615658416,1.0,0.8379115004174028,0.9903047525689863,0.8881277443407527,1.4142135623730951,0.810350646814132,0.9824199804524703
gn,prelu,2025,BraTS20_Training_055.npy,0.7622298058757776,5.477225575051661,0.6178911764250059,0.9945571474652223,0.932366787188143,1.0,0.9545976068518892,0.911147832629861,0.8892944034011865,1.0,0.9739583321536358,0.8181725673400768,0.9474015084704521,1.0,0.9187779427457133,0.977865896915742,0.9455406333414054,1.0,0.9613714427235427,0.930222746409087
gn,prelu,2025,BraTS20_Training_056.npy,0.8104726892303652,3.605551275463989,0.7373855893717607,0.8996420889053084,0.6226134606282643,4.358898943540674,0.5148476665470267,0.7874364072937873,0.8411694703686283,1.4142135623730951,0.7976016634374965,0.8897719415096397,0.9006922073708634,1.0,0.8445744028647619,0.9647982964560444,0.8496724972375745,2.23606797749979,0.7590860887382461,0.9648090964650273
gn,prelu,2025,BraTS20_Training_057.npy,0.8069517791668909,3.1622776601683795,0.7519847546777239,0.8705882320934255,0.9062642045793278,1.0,0.8750270324167682,0.9398141821369292,0.8534761871704973,1.0,0.8416347372092944,0.8656555996349945,0.9082079099981589,1.0,0.882417955379682,0.93555074730886,0.9291231284000389,1.0,0.8978322691020535,0.962673816980367
gn,prelu,2025,BraTS20_Training_058.npy,0.33654098946387917,16.15549442140351,0.30528525061506845,0.37492677167553984,0.5551300672956442,12.206555615733702,0.4253223978274804,0.7989762560375601,0.6129580195262327,5.744562646538029,0.7531305892171578,0.5167757768854585,0.48933832835995084,11.0,0.5052937751568972,0.47435967425353087,0.6550410473349358,10.816653826391969,0.534723286772659,0.8452244953014808
gn,prelu,2025,BraTS20_Training_059.npy,0.5145228180185144,3.3166247903554,0.4128745792133787,0.6825687948152515,0.755542550866429,4.47213595499958,0.7038792196670668,0.8153905942404827,0.7903225778740443,1.0,0.9616040873583269,0.6708333293402778,0.8906468103986813,1.0,0.9232995613926697,0.860224715234945,0.7853140967460926,4.242640687119285,0.738212824778836,0.8388355470038864
gn,prelu,2025,BraTS20_Training_060.npy,0.9103470263829656,1.0,0.9331081812108573,0.8886698480552657,0.8620249839758763,1.0,0.8717870893882832,0.8524790857427094,0.832255930475283,1.0,0.8558001478754637,0.8099724932346389,0.9439577954178892,1.0,0.9690124526588437,0.9201661026537507,0.9289943161130799,1.0,0.9451098604026373,0.9134191460538561
gn,prelu,2025,BraTS20_Training_061.npy,0.8281079256719275,3.0,0.7161965677287052,0.9814704104772457,0.5879291869864144,15.556349186104045,0.7718687196626005,0.47478576097990627,0.7875570172829156,1.0,0.8061849344669552,0.769770500263455,0.9087455477211137,1.0,0.8562266958566542,0.9681281610724046,0.8505270662899139,7.615773105863909,0.9141077839932418,0.7952158689801567
gn,prelu,2025,BraTS20_Training_062.npy,0.9055052524502255,1.0,0.8422131143331602,0.9790831439317396,0.8922031318623749,1.0,0.9436463486549239,0.8460788423399137,0.9032738546215043,1.0,0.9858010148340242,0.8334969563733143,0.9662858084934633,0.0,0.9924029429139193,0.9415080774580022,0.9388526083031505,1.0,0.9828367555921048,0.898636606320984
gn,prelu,2025,BraTS20_Training_063.npy,0.5217391277017333,2.23606797749979,0.6492829120041341,0.4360770539748069,0.8021245861239693,1.9732050807563029,0.8561766452594225,0.7544920670045647,0.7755638257596589,1.0,0.7857142822284192,0.7656722837627656,0.8316862247812133,1.4142135623730951,0.8914266769565485,0.7794500701028941,0.8676760081364129,1.4142135623730951,0.9270363281628785,0.8154601716795882
gn,prelu,2025,BraTS20_Training_064.npy,0.8509695425459101,2.23606797749979,0.779287459747699,0.9371747510078532,0.5105377490547395,9.1104335791443,0.8423038224080082,0.36627112146161994,0.7640576865907435,1.4142135623730951,0.7059473235044046,0.8325929386978212,0.905626220699645,1.0,0.8326137827292095,0.992674484380289,0.8407592206784466,2.8284271247461903,0.8749152010776062,0.8091698840917789
gn,prelu,2025,BraTS20_Training_065.npy,0.7815173942868374,3.7416573867739413,0.6702543965728532,0.9370724906009236,0.7304037542701772,4.898979485566356,0.8928927026253413,0.6179491384354556,0.8898974602624014,1.0,0.947726455611434,0.8387198959482892,0.9358608141575425,1.0,0.944692002766207,0.9271932057442932,0.7695552404721678,3.7416573867739413,0.9156428166242501,0.6636691692382081
gn,prelu,2025,BraTS20_Training_066.npy,0.8885142894119116,1.0,0.8531489098688215,0.9269384477586916,0.8872972587215892,1.0,0.9261122031626098,0.8516050367147501,0.8049889259791415,1.0,0.7969994220461634,0.8131402321757445,0.9094640666988434,1.0,0.8884936285566951,0.9314483313456412,0.9293943383040327,1.0,0.9538367986497581,0.906173275204812
gn,prelu,2025,BraTS20_Training_067.npy,0.7805089643433059,3.7416573867739413,0.6480710735968697,0.9809789181233597,0.9300656848535858,1.0,0.9068876531821959,0.9544595482417354,0.8857247020809923,1.0,0.9841562762820559,0.8051924136235712,0.9705647460110433,0.0,0.9803232401888958,0.9609986158996303,0.9566140202300286,0.0,0.9433428276767153,0.9702639459967929
gn,prelu,2025,BraTS20_Training_068.npy,0.8256276657336956,4.69041575982343,0.7276213539571998,0.9541454370712993,0.7816277194410193,2.449489742783178,0.9240833258853064,0.6772271695543404,0.8312467303116838,1.0,0.8452482263508878,0.8177015431782494,0.8974939469708055,1.4142135623730951,0.8415295710709565,0.9614322281859903,0.9305572995679771,1.0,0.9659691322014097,0.8976500038928127
gn,prelu,2025,BraTS20_Training_069.npy,0.8380868022326285,2.449489742783178,0.7354648146256271,0.9739912153623448,0.747351393851865,8.06225774829855,0.6485515798866428,0.881663247311588,0.8122955762559793,1.0,0.8182457930917755,0.8064312731359198,0.9104205870610271,1.0,0.8518136789338905,0.9776879597207913,0.8175898887702566,6.0,0.7221198246252064,0.9421496731947563
gn,prelu,2025,BraTS20_Training_070.npy,0.6342171528264798,5.0990195135927845,0.4748258880917243,0.9546914012177209,0.6491051452928588,3.605551275463989,0.776078815631206,0.5578377337356326,0.7027461176842553,1.7320508075688772,0.7209448318912777,0.685443556901109,0.7846947462004482,2.8284271247461903,0.666043189744929,0.9547836681069333,0.8907090829840578,1.4142135623730951,0.8760871823562688,0.9058273469885482
gn,prelu,2025,BraTS20_Training_071.npy,0.08963264365314193,20.46948949045872,0.1308567601558622,0.06816002783216245,0.8560987119283255,2.23606797749979,0.8796836470139169,0.8337454130297663,0.8013278616804242,3.4641016151377544,0.6913285595136607,0.9529553668681267,0.5051356736406726,16.09347693943108,0.5329990291529176,0.4800407923076725,0.9326429844277055,1.0,0.9614877079372477,0.9054785412362926
gn,prelu,2025,BraTS20_Training_072.npy,0.7307232001306644,4.358898943540674,0.6045261663323658,0.9235090738641472,0.598142288394596,5.744562646538029,0.8347340529230693,0.46604844987735633,0.8829704171534989,1.0,0.8715782259950394,0.8946643614244002,0.9320139776802853,1.0,0.8853806036887285,0.9838328745382793,0.7988672236259203,3.1622776601683795,0.9136476794469033,0.7097075235030106
gn,prelu,2025,BraTS20_Training_073.npy,0.8892424760364978,1.0,0.8604900242863971,0.9199828214715391,0.8648925822889413,1.0,0.8864443635786718,0.8443638871588593,0.8257059391833247,1.0,0.8067653268427428,0.8455572780350573,0.9425336204296973,1.0,0.9170063199734146,0.9695228572511099,0.9291364976167497,1.0,0.9339158559415269,0.9244058072071489
gn,swish,2025,BraTS20_Training_001.npy,0.8604500813162423,1.7320508075688772,0.9049407492683152,0.8201291074999243,0.8793642024950722,1.4142135623730951,0.7966553071352263,0.9812363326106789,0.8891104346575173,1.0,0.9161920550370586,0.8635838540148193,0.9375731955187466,1.0,0.9732546020670939,0.904415561864259,0.9168239037399957,1.0,0.8553780687923037,0.9877808542464525
gn,swish,2025,BraTS20_Training_002.npy,0.8806036391573686,3.0,0.9746724880189165,0.8030943592668037,0.83528711209548,1.4142135623730951,0.9160769633865378,0.7675922899758915,0.8581851338667084,1.0,0.8621163523253682,0.8542896037913609,0.9218483622186784,1.0,0.9810299821878987,0.8694008795727176,0.8848114447979603,1.4142135623730951,0.96364504656842,0.8179008435110201
gn,swish,2025,BraTS20_Training_003.npy,0.7520599194602253,2.449489742783178,0.6848567437263746,0.8338870293374248,0.7082779344853332,5.0990195135927845,0.7456665129829474,0.6744597451613099,0.860709591227481,1.0,0.8739159410476453,0.8478964373854484,0.9147245036848654,1.0,0.9099437123828901,0.9195557938256885,0.7447054292220662,4.358898943540674,0.7786090513038517,0.7136311919333258
gn,swish,2025,BraTS20_Training_004.npy,0.7610285709936979,4.47213595499958,0.6726262619468422,0.8761842093734419,0.9449339653262554,1.0,0.9683978542464138,0.9225802190779637,0.8956095523010361,1.0,0.9254975207087452,0.8675915942432708,0.9312468928326351,1.0,0.9044460301001528,0.9596846039915874,0.9561047469426763,0.0,0.9671237729021608,0.9453339851142482
gn,swish,2025,BraTS20_Training_005.npy,0.6801604655722822,27.073972741361768,0.558550462538034,0.8694638654104248,0.411218198826762,69.49100661236676,0.3808298482135255,0.4468767683584134,0.7737048704739842,25.179356624028344,0.7092033238301203,0.8511130022489807,0.8557125277435355,25.079872407968907,0.7637258608377692,0.9728921464664363,0.7380870950928844,61.5223536610881,0.6666838281075612,0.8266198526481839
gn,swish,2025,BraTS20_Training_006.npy,0.6034079516861317,5.0,0.45550847434649494,0.8935285959889882,0.9100881488227179,1.0,0.8629180330432793,0.9627134296821094,0.8202406862945008,1.0,0.913934097284561,0.7439712838166189,0.9218554506002203,1.0,0.8804779984631498,0.9673136853163569,0.9294463201210674,1.0,0.8833521594287866,0.9806157900259083
gn,swish,2025,BraTS20_Training_007.npy,0.849008792891625,12.806248474865697,0.8381400799348437,0.860163090123337,0.8775883270386564,1.0,0.8769179671614354,0.878259712320962,0.8819095470000757,1.0,0.854846564613011,0.91074208456886,0.9328114102993129,1.0,0.910118236988471,0.9566651991237735,0.9151136088559032,1.0,0.9092192500291881,0.9210848909691783
gn,swish,2025,BraTS20_Training_008.npy,0.04297470276901143,14.627027872377719,0.898089114771394,0.02201405148787814,0.7644093796823128,2.449489742783178,0.8155884642819677,0.7192741268300042,0.8388561015031497,1.0,0.7630057740461951,0.9314516035135927,0.2840844263729784,13.92838827718412,0.9100877126455577,0.16831147739852445,0.814713119956649,1.4142135623730951,0.9404658670153796,0.7186236203718273
gn,swish,2025,BraTS20_Training_009.npy,0.7096081998832056,8.18535277187245,0.7303596778946365,0.6900033530720208,0.8224503236351421,2.23606797749979,0.7896279083302014,0.8581197344233257,0.7071098596181044,3.605551275463989,0.5698512798236083,0.9314707768363935,0.8265591941933194,4.0,0.7275004260949813,0.9568464442372503,0.8838330814846389,1.4142135623730951,0.817511727842788,0.9618652399383046
gn,swish,2025,BraTS20_Training_010.npy,0.5189954892530877,3.8449944320643294,0.7735124611609893,0.39050387218504,0.809384927762957,2.23606797749979,0.8353804389401509,0.784958456250484,0.8579115513217491,1.0,0.7881971253078988,0.9411547667567705,0.9002751536400125,1.0,0.8654561039956304,0.938013325681058,0.8368217525748388,2.23606797749979,0.8543245625994152,0.8200217153485294
gn,swish,2025,BraTS20_Training_011.npy,0.4943373117625692,4.898979485566356,0.35085813523602405,0.8363542162798849,0.8923527307485973,1.0,0.9375895182001011,0.851280192540286,0.7954754324528276,1.0,0.9743678542182753,0.6720821877050744,0.9125199473318246,1.0,0.9092223177129977,0.9158415832694219,0.9146721124651988,1.0,0.9513083863324947,0.8807530282157084
gn,swish,2025,BraTS20_Training_012.npy,0.7331804267332179,2.23606797749979,0.8313827445540409,0.6557264934846957,0.8115152068496896,3.0,0.7564578793576457,0.8752161236599239,0.8288436862480817,1.0,0.7572409161941388,0.9154017386856876,0.9240678800172998,1.0,0.9009661824867559,0.9483854551889328,0.8779133922625123,1.4142135623730951,0.828175767064706,0.9340069013718002
gn,swish,2025,BraTS20_Training_013.npy,0.8781744187512623,1.4142135623730951,0.8121189016652831,0.9559268801660571,0.816678208362186,2.23606797749979,0.7972267636783968,0.8371025782174708,0.665373960297266,3.0,0.5947016573540439,0.7551084540864241,0.8801862347913543,1.4142135623730951,0.8063983482584118,0.968837823632966,0.8905168720678812,1.4142135623730951,0.8525432139552982,0.9320310470351685
gn,swish,2025,BraTS20_Training_014.npy,0.5608035274077395,3.3166247903554,0.62220047768841,0.5104352474933685,0.8400856635991005,1.4142135623730951,0.903491810565762,0.78499547051223,0.8415017863469942,1.0,0.8922755027752344,0.7961953775374935,0.8779527557539106,1.4142135623730951,0.9456885644871332,0.8192716723109018,0.9018374479427563,1.0,0.9704146468882117,0.8423129324930717
gn,swish,2025,BraTS20_Training_015.npy,0.3208815835628674,11.180339887498949,0.19804034559303707,0.8450565624935732,0.9342943206867074,1.0,0.9468357958417586,0.9220807427287051,0.8627517341553834,1.0,0.8494778928577229,0.8764469903994877,0.7478107962905536,4.58257569495584,0.601459523334582,0.9882877849151444,0.9467681224873951,1.0,0.9315411813730442,0.9625011338757761
gn,swish,2025,BraTS20_Training_016.npy,0.16225283050151518,11.180339887498949,0.08965812267311037,0.8525423699913818,0.8279987417259429,1.7320508075688772,0.9340344834523077,0.743583806394096,0.6622346567770644,2.23606797749979,0.9899470485841861,0.49753162584945554,0.7950543166387858,3.605551275463989,0.6769631467121943,0.9630514575237027,0.9169215144243121,1.0,0.9523284737434798,0.8840529934244775
gn,swish,2025,BraTS20_Training_017.npy,0.6442376515352204,5.0990195135927845,0.513478818266326,0.8643457362200583,0.913200692673184,1.0,0.9493437795769057,0.8797087272166385,0.8663382588726842,1.0,0.9490574169678264,0.7968825509945837,0.8844361952636506,1.4142135623730951,0.8363180509768495,0.9384293859509449,0.9369378215495042,1.0,0.9616311062213008,0.9134809622776726
gn,swish,2025,BraTS20_Training_018.npy,0.37335670137285976,10.04987562112089,0.6246334127673486,0.26624999667187504,0.7792051115056404,4.58257569495584,0.834701447688237,0.7306282337116642,0.7729300922832669,11.19596118298695,0.9197640063730738,0.666524152772449,0.7385507232105301,10.344080432788601,0.9386051034449652,0.6087926071717342,0.7877123878488534,4.242640687119285,0.8511216081670611,0.7330961552140309
gn,swish,2025,BraTS20_Training_019.npy,0.6555726633568799,3.7416573867739413,0.5156512013083182,0.8997074107612039,0.7695026399315485,2.23606797749979,0.7772473114936571,0.7619107847365246,0.8068052926243832,1.0,0.8698665027312071,0.7522693216248618,0.9092677283001451,1.0,0.8418260569222631,0.9884564826627484,0.9018514596534862,1.0,0.8752882615532368,0.9300773950238791
gn,swish,2025,BraTS20_Training_020.npy,0.741613333738895,4.58257569495584,0.6007474271867518,0.9687762654967406,0.7391204926046064,5.0,0.8464970107019529,0.6559184929246902,0.7323383083342038,1.4142135623730951,0.8003833815754107,0.674956478278116,0.845192073574897,3.0,0.739938449933937,0.9853553871757064,0.8971587334285391,1.4142135623730951,0.8630509063031766,0.9340733729302141
gn,swish,2025,BraTS20_Training_021.npy,0.1330532208226428,8.12403840463596,0.07126781668691741,0.9999999473684238,0.7458529446743433,4.0,0.6782840101708025,0.8283734040142637,0.6579326221452165,2.449489742783178,0.7609057583719422,0.5795079873712706,0.8061620069310733,2.23606797749979,0.6969483141701388,0.955964188347534,0.7736175200628872,3.3166247903554,0.6981930650881238,0.8673115160030631
gn,swish,2025,BraTS20_Training_022.npy,0.8238006558376338,3.0,0.748228092180873,0.9163543096110137,0.8889942954465574,1.0,0.9500813743096285,0.835288046341882,0.8718709747236738,1.0,0.8544536519101841,0.890013147607607,0.9240406396437082,1.0,0.8787087505699942,0.9743042231644514,0.9444215606951517,1.0,0.9592912297837148,0.9300058350867446
gn,swish,2025,BraTS20_Training_023.npy,0.9022630363215292,1.0,0.8350280758308878,0.9812734064896141,0.8163386454138685,1.4142135623730951,0.7575963042939372,0.8849561898495341,0.8560197021615896,1.0,0.826277771942692,0.887982705229456,0.9382767934739487,1.0,0.8916466958281144,0.9900532178218112,0.8889609377899879,1.0,0.8334265494167675,0.9524246211053425
gn,swish,2025,BraTS20_Training_024.npy,0.6879936012316369,5.385164807134504,0.6701071067768118,0.7068611324838514,0.79836649761276,2.8284271247461903,0.8775259419583686,0.7323069033723623,0.7047981627070345,12.529964086141668,0.5529322521438713,0.9716737474200835,0.7705979255271356,11.0,0.6331401553175461,0.9842925724709308,0.8748356621287224,1.4142135623730951,0.8865008251725417,0.8634735076291916
gn,swish,2025,BraTS20_Training_025.npy,0.9557211976054083,0.0,0.9381289787748363,0.9739858196204564,0.8349547348605739,1.4142135623730951,0.8799277264345357,0.7943553367782034,0.8934064087877057,1.0,0.9163655131553,0.8715696432584594,0.9616606077325215,0.0,0.9639925218878883,0.9593399479725678,0.9157548943680456,1.0,0.941405558377738,0.8914649713231982
gn,swish,2025,BraTS20_Training_026.npy,0.45625474500636204,7.0,0.4545697246110441,0.457952303695578,0.8977415003321086,1.0,0.9037114406445436,0.8918499174758213,0.6962925016122831,2.8284271247461903,0.6889254938803322,0.7038187699228398,0.8030386180637418,3.0,0.7963222865991686,0.8098692065571763,0.9411616978742434,1.0,0.9446569909230376,0.9376921750503093
gn,swish,2025,BraTS20_Training_027.npy,0.8201222666976882,3.0,0.914711659638609,0.7432622774502186,0.6413066906715226,8.06225774829855,0.9740754211291195,0.47800733083281677,0.8345446769380259,1.0,0.7570405723406679,0.9297281446986677,0.9253455106871299,1.0,0.9050092468795462,0.9466167266436382,0.7536405824501269,5.744562646538029,0.9892719960104921,0.6086647464450478
gn,swish,2025,BraTS20_Training_028.npy,0.7998478502853953,1.4142135623730951,0.9153752378280077,0.710213454863262,0.3473985467473409,5.0990195135927845,0.4316192552304536,0.2906791105358233,0.5770116369549994,2.449489742783178,0.5011350118893795,0.679964798064,0.8146778938814685,1.7320508075688772,0.7936507931214815,0.836849507147082,0.8451249968849641,1.7320508075688772,0.8840218767047456,0.8095067742210317
gn,swish,2025,BraTS20_Training_029.npy,0.7616504835882271,3.0,0.9267572302022609,0.6464771295983637,0.924847775519314,1.0,0.9203377184125155,0.9294022526360408,0.8664432734643913,1.0,0.7937203985375892,0.9538364229472251,0.9356676958903758,1.0,0.9215580187698702,0.9502161470503192,0.936850003555114,1.0,0.9311478563405321,0.9426224183428655
gn,swish,2025,BraTS20_Training_030.npy,0.2400430564046204,13.388418086444425,0.2551487399591033,0.22662601510860764,0.8504651239309617,1.4142135623730951,0.8428293343493329,0.8582405344255857,0.8007942805394803,1.7320508075688772,0.8198080975446282,0.7826424456099326,0.7564086834561458,10.63014581273465,0.7809294658972655,0.7333809005430124,0.8631218741337234,1.4142135623730951,0.8582127864324975,0.868087446072347
gn,swish,2025,BraTS20_Training_031.npy,0.7451560813070801,3.3166247903554,0.8366822770257104,0.6716798051283447,0.8632227433765498,1.0,0.8647215353077695,0.8617291379019146,0.8797113069296402,1.0,0.8521751047102106,0.9090864770843881,0.9175020081524392,1.0,0.9216222850501272,0.9134184078328808,0.9248929139074231,1.0,0.9273898636731636,0.9224093737431454
gn,swish,2025,BraTS20_Training_032.npy,0.8036516848288963,2.449489742783178,0.7273420608524952,0.8978503045695115,0.6540198732366668,2.23606797749979,0.798235941788053,0.5539403209227695,0.7862925250626807,1.0,0.8277737103129,0.7487703360302967,0.8946618179215529,1.0,0.8822145720698712,0.9074653284700707,0.8985579048219838,1.0,0.9581509430346601,0.8459436945374167
gn,swish,2025,BraTS20_Training_033.npy,0.7335722814438315,4.898979485566356,0.6253294984120183,0.887132413926343,0.9321118085387402,1.0,0.922535999499055,0.9418884939694233,0.9118712765117388,1.0,0.9274782928805807,0.8967808172393665,0.9495886310610986,1.0,0.9122562098492071,0.9901069514304336,0.952533297930738,0.0,0.9372533028105322,0.9683197680460779
gn,swish,2025,BraTS20_Training_034.npy,0.8376465928948372,2.8284271247461903,0.8235465819394081,0.8522378287004794,0.8536026443538356,1.4142135623730951,0.9034944618993099,0.8089326208231286,0.7978553763957719,2.0,0.7065902575904256,0.9161934075069299,0.8932595680563443,1.4142135623730951,0.8308991884337225,0.9657399749468426,0.9360927206292494,1.0,0.9318248827785673,0.9403998323810973
gn,swish,2025,BraTS20_Training_035.npy,0.5760464150915744,6.708203932499369,0.4353545475505911,0.8510898841937383,0.7208996047815318,3.3166247903554,0.7658200599921725,0.680956937581832,0.8035913469739442,1.0,0.9056549332678036,0.7222021361636147,0.8506414910707685,2.23606797749979,0.8018171256219263,0.9057974408525571,0.8626588855448971,2.0,0.8509804951302533,0.874662271577507
gn,swish,2025,BraTS20_Training_036.npy,0.6272463731753833,4.242640687119285,0.9247863089780118,0.47456139934595265,0.8012551238416645,2.23606797749979,0.8721903912822936,0.7409903578199099,0.8097581844535008,1.4142135623730951,0.7329072230623529,0.9046139112966438,0.8721886000612514,1.0,0.8399443270007928,0.9070073249915324,0.8882906257254977,1.0,0.9237048023990119,0.8554916900815371
gn,swish,2025,BraTS20_Training_037.npy,0.8169807451777035,1.4142135623730951,0.8715175342821834,0.7688674691384411,0.8259308476818054,2.449489742783178,0.7118487295400774,0.9835574843908843,0.846181555891145,1.0,0.8168161897094262,0.8777370892476369,0.9372356621262824,1.0,0.9416964129943497,0.9328169721616363,0.8578216115317704,2.23606797749979,0.7549574533365675,0.9931382887053856
gn,swish,2025,BraTS20_Training_038.npy,0.7694039296677747,4.123105625617661,0.7911844128171447,0.7487905059344678,0.77023472177936,2.8284271247461903,0.7427238904279823,0.7998619736216812,0.7566136356721797,2.8284271247461903,0.6875751915836651,0.8410636350141766,0.8343722171470549,2.23606797749979,0.7882400717117047,0.8862398483786439,0.8891425276904948,1.4142135623730951,0.8507666849585475,0.9311439781550083
gn,swish,2025,BraTS20_Training_039.npy,0.9275217925051708,1.0,0.9021317814888054,0.9543823663858152,0.8571235595702869,1.4142135623730951,0.9662250644232602,0.7701607028280427,0.8748270815877527,1.0,0.862856696660801,0.8871342678259445,0.9303272101616431,1.0,0.9134504149156324,0.9478393709363601,0.9090370369554175,1.0,0.9762598112016161,0.8504754543109311
gn,swish,2025,BraTS20_Training_040.npy,0.9325098316223216,1.0,0.9333227659252271,0.9316983117448848,0.9147502903094548,1.0,0.9032603352189109,0.9265363283931951,0.8798776159808713,1.0,0.8270673554405354,0.9398920041019837,0.9522719329864356,0.0,0.9206878070503302,0.9861000197179826,0.9456977039152353,1.0,0.9275993871731637,0.9645163035588457
gn,swish,2025,BraTS20_Training_041.npy,0.7037652260468367,4.123105625617661,0.6633611673711869,0.7494103751491439,0.9315741947650936,1.0,0.9416517357523998,0.9217100690047135,0.8007925067238277,2.23606797749979,0.8727915182923812,0.7397670540878901,0.8548576210825555,2.0,0.8896539694154503,0.8226807440777942,0.9544896991333884,0.0,0.9694485735160404,0.9399854492251114
gn,swish,2025,BraTS20_Training_042.npy,0.9447335183266649,1.0,0.9416414899588915,0.9478459194384967,0.9106482443587761,1.0,0.9610056089203873,0.8653056254403183,0.8661130455756461,1.0,0.8381811578585674,0.8959707360771653,0.9622204886944591,0.0,0.9453342527025482,0.979720964450872,0.9537167905988825,0.0,0.9668902109415209,0.9408975083605751
gn,swish,2025,BraTS20_Training_043.npy,0.7799884982403813,2.8798989873222083,0.6672569841258226,0.9385552146732488,0.77680991781241,3.0,0.7230764052339682,0.8391706685255669,0.576409326292938,3.7416573867739413,0.48513719327310517,0.7099832643057263,0.7971323971955976,2.23606797749979,0.6781728514428071,0.9667036608089092,0.8237150453169337,2.23606797749979,0.7531593147684524,0.9088564332756693
gn,swish,2025,BraTS20_Training_044.npy,0.02212389331584307,8.366600265340756,0.012437810635875358,0.099999980000004,0.6716408927517777,7.0710678118654755,0.643862482323568,0.7019242858118951,0.7583274246692862,3.3166247903554,0.7577903629051674,0.7588652428449274,0.7299938890348384,4.123105625617661,0.6587651562361347,0.8184931450788141,0.7091367219793118,6.164414002968976,0.6760313312396703,0.7456514222176872
gn,swish,2025,BraTS20_Training_045.npy,0.8519776140187456,1.0,0.8185717733092244,0.8882260384894284,0.8564469196117961,1.0,0.8438586474900475,0.8694164503543488,0.8986587735892777,1.0,0.9179738890502038,0.88013972760834,0.9605963411938734,0.0,0.9640309578136759,0.9571861109908129,0.945995840886878,1.0,0.9423365531989328,0.9496836588043283
gn,swish,2025,BraTS20_Training_046.npy,0.3418013777874971,4.170919650218307,0.4539877022093434,0.27407406392318284,0.5647149608247872,13.638181696985855,0.42030899993673276,0.8602833122551676,0.7554552266536673,3.7416573867739413,0.7398673490061359,0.7717140601712985,0.7725655102796327,2.449489742783178,0.7855263106215374,0.7600254566516521,0.5901758728853046,13.379088160259652,0.4459853611672485,0.8721480839043543
gn,swish,2025,BraTS20_Training_047.npy,0.8509402504614416,3.0,0.7847247476327576,0.929360168795771,0.7722840145277752,3.0,0.6718204275389981,0.908077299332538,0.8601844191924479,1.0,0.8774413296842469,0.8435932099012788,0.9319478974029728,1.0,0.9063232977369914,0.9590636314096418,0.8866968786066903,1.4142135623730951,0.8140262284583942,0.9736144664322635
gn,swish,2025,BraTS20_Training_048.npy,0.7652064268351515,1.4142135623730951,0.8549295714441579,0.6925270924556355,0.5615204708294522,9.899494936611665,0.40515167956972936,0.9144558261846986,0.6427898189042104,1.7320508075688772,0.5012248873041407,0.8957968397916214,0.8646947752286112,1.0,0.7939901739555325,0.9492227946486259,0.6421765582270287,9.273618495495704,0.4782995312841412,0.976879015802683
gn,swish,2025,BraTS20_Training_049.npy,0.375478924325832,5.0,0.24378109210168067,0.8166666394444454,0.9211183072899012,1.0,0.9044227066202856,0.938441900490315,0.8702271321421399,1.0,0.9712249904871882,0.7882562260047682,0.9528042317959744,0.0,0.9673399205686724,0.9386989138058822,0.9304286069183618,1.0,0.9161898532475632,0.945116923822306
gn,swish,2025,BraTS20_Training_050.npy,0.8696259505091376,1.4142135623730951,0.7999714446602022,0.9525671537053495,0.7532601106589061,5.385164807134504,0.8263217272515138,0.6920688486722452,0.8492354352253829,1.0,0.8706354858875962,0.8288621644067646,0.951993987430755,0.0,0.9227091994836086,0.9831985768138424,0.9352917260313964,1.0,0.9254552883801875,0.9453395080627044
gn,swish,2025,BraTS20_Training_051.npy,0.8629547822120717,1.0,0.8343447947081484,0.8935965313105525,0.922578049367147,1.0,0.925886402002972,0.9192932551001992,0.8801353307233223,1.0,0.8337275842550724,0.9320139887980773,0.9367951898128098,1.0,0.8920473960965891,0.9862694457477675,0.9387182143958847,1.0,0.9351237969124682,0.9423403707803993
gn,swish,2025,BraTS20_Training_052.npy,0.8850509617921376,1.0,0.8428905251790572,0.9316511008709496,0.8470780233954168,1.4142135623730951,0.9732694989135171,0.7498539941751902,0.8617050358934188,1.0,0.8455677174870491,0.8784702855630837,0.9454696531020083,1.0,0.9175458632366469,0.9751464069596155,0.9048461510730859,1.0,0.9794722873430449,0.840786504600669
gn,swish,2025,BraTS20_Training_053.npy,0.7065369958359049,5.916079783099616,0.5846677170956046,0.8925902458611903,0.940344478982802,1.0,0.951337477365042,0.9296026333623636,0.8505221588556543,1.0,0.9036211074148586,0.803317302185379,0.8749585404069502,1.7320508075688772,0.8122305903025766,0.9481862414575392,0.9593700679009342,0.0,0.9590015501516607,0.9597388689155417
gn,swish,2025,BraTS20_Training_054.npy,0.8354165206093035,1.0,0.8994136206594293,0.779921772125265,0.7670966170780811,2.23606797749979,0.6663691243648565,0.9036985120245616,0.8871852186638285,1.0,0.8254313843871474,0.9589263464234489,0.9354176269595549,1.0,0.8946130822748468,0.9801223686348772,0.8885636744038914,1.4142135623730951,0.8083380210252717,0.98646834462449
gn,swish,2025,BraTS20_Training_055.npy,0.7830179965085206,5.385164807134504,0.6520135249738495,0.9799029776394018,0.9353744752641522,1.0,0.9507970003943209,0.9204442900857396,0.8912561024793297,1.0,0.9728682158758863,0.8222768214350156,0.9494438473441755,1.0,0.9280585280259731,0.971837979022602,0.9474022259932514,1.0,0.9581679687342568,0.9368757177342363
gn,swish,2025,BraTS20_Training_056.npy,0.8229929346030874,3.605551275463989,0.7518188209905905,0.909052212104069,0.6303084754027227,4.898979485566356,0.5072792130219441,0.832120828062533,0.8253083004819085,2.0,0.7595911320148718,0.9034736837350139,0.8892231802394264,1.4142135623730951,0.8167475335571648,0.9758138816892606,0.8402698792124172,2.449489742783178,0.7335775569780049,0.9832790610990646
gn,swish,2025,BraTS20_Training_057.npy,0.7506403484245286,4.123105625617661,0.7910447736073523,0.714162841989212,0.9008038606041084,1.0,0.8595962293300262,0.9461612779945725,0.8668922724947026,1.0,0.8922558912199514,0.8429307877120426,0.9105757783434252,1.0,0.9432069367937367,0.8801269330582095,0.9259890017990408,1.0,0.8934613979159839,0.960974506562451
gn,swish,2025,BraTS20_Training_058.npy,0.5795168358457622,13.601470508735444,0.5927303943973189,0.5668795615265697,0.6018309607186009,9.16515138991168,0.500148383896273,0.75540931486993,0.5293483280470279,7.0710678118654755,0.5122242091350265,0.5476569962581177,0.5880199858854229,8.366600265340756,0.5887725418331748,0.5872693509415868,0.6923457541524033,7.54983443527075,0.5975559010317825,0.8228783399446772
gn,swish,2025,BraTS20_Training_059.npy,0.5853968216800202,3.0,0.5116537124122784,0.6839762509795809,0.7912599193844417,3.0,0.7631369256602487,0.8215349883424221,0.8269010285559761,1.0,0.9232081832490769,0.7487889221537098,0.8883587765067777,1.0,0.8982151427968396,0.8787163715020463,0.8167055211874179,2.8284271247461903,0.7907245926418996,0.8444517693994595
gn,swish,2025,BraTS20_Training_060.npy,0.8997222436207661,1.0,0.9440026141496881,0.8594098681579917,0.856441449414948,1.4142135623730951,0.8172885405434132,0.8995344174166368,0.8390327831016583,1.0,0.8442987875066171,0.8338320605594919,0.9434923313713954,1.0,0.9709527943901092,0.9175424190154509,0.9289974603964845,1.0,0.9140371587660278,0.9444556295291808
gn,swish,2025,BraTS20_Training_061.npy,0.8435030028110156,2.449489742783178,0.7758069194885041,0.924142707093622,0.6255960533704599,15.620499351813308,0.7645010036644327,0.5294063074866361,0.7862310556802748,1.0,0.7902633178348694,0.7822397321075318,0.9077298991941474,1.0,0.8726323632567992,0.945769012409465,0.8701281001021786,4.58257569495584,0.9176047899795905,0.82732259282714
gn,swish,2025,BraTS20_Training_062.npy,0.9140359651104404,1.0,0.8675529783748736,0.965782005805496,0.9106579411350011,1.0,0.9117720623226826,0.9095465392808042,0.9069400870905286,1.0,0.9830474733825275,0.8417703537180358,0.9650233241425175,0.0,0.994117764153433,0.9375834506934492,0.9529710116866993,0.0,0.963865002113643,0.9423205255448853
gn,swish,2025,BraTS20_Training_063.npy,0.47015834157467173,2.23606797749979,0.754889168775891,0.34139150742104063,0.8420021545489264,1.4142135623730951,0.8549830904565515,0.8294094936034259,0.7227822562429882,2.8284271247461903,0.6362023041872125,0.8366394350254409,0.8057844801651618,1.7320508075688772,0.8576630226492451,0.759824044692598,0.9004432191513861,1.0,0.9245124275911951,0.8775954690884308
gn,swish,2025,BraTS20_Training_064.npy,0.8438879815104472,3.0,0.7820452454469529,0.9163514079139471,0.5228383025121391,9.0,0.7503143858461303,0.40120364442013123,0.75240025758538,1.7320508075688772,0.6780232226910158,0.8451057217532897,0.8978291775414323,1.4142135623730951,0.8218893518011425,0.9892307922538173,0.8369115034130111,3.0,0.8383134163921814,0.8355142713618713
gn,swish,2025,BraTS20_Training_065.npy,0.7954048096531465,3.0,0.7113502865816997,0.9019851004716489,0.7111420663909903,23.45207879911715,0.8955952771819282,0.5896915582574639,0.8899297409000841,1.0,0.9523809489710671,0.8351648325426535,0.9374839854759365,1.0,0.9591087786130831,0.9168128265677453,0.7516289450423231,21.213203435596427,0.9193768566131145,0.6356494460107016
gn,swish,2025,BraTS20_Training_066.npy,0.8821264616599094,1.0,0.8765450251963729,0.8877794323580038,0.9079744667991148,1.0,0.8975126878292001,0.91868301565061,0.807792824419225,1.0,0.7847663003060977,0.8322114786045631,0.9076527582533608,1.0,0.8906280312459556,0.9253410382868483,0.938485507290102,1.0,0.925899025230833,0.9514189011626453
gn,swish,2025,BraTS20_Training_067.npy,0.8081097303800352,2.449489742783178,0.7002561223785368,0.9552352866522161,0.9295169011801323,1.0,0.8999973395275217,0.9610385919689447,0.8856866457967498,1.0,0.9890174186483245,0.8019050396693898,0.9650769596378502,0.0,0.9907810201403643,0.940672866263492,0.9581465699666987,0.0,0.9453903483564878,0.9712517411655197
gn,swish,2025,BraTS20_Training_068.npy,0.8304116491653845,4.123105625617661,0.7481582396063385,0.9329851491738075,0.8037415289102335,2.0,0.8913540516168371,0.7318107551250354,0.8391790255010969,1.0,0.8467375880519592,0.8317542142735446,0.9021881427432534,1.0,0.85335220211883,0.9569529852023564,0.9369449758524787,1.0,0.9489710788117055,0.9252198666522258
gn,swish,2025,BraTS20_Training_069.npy,0.8520716909829829,2.23606797749979,0.762462430944936,0.9655489198992395,0.7281136238189959,10.246950765959598,0.6078980203851299,0.9075964502602307,0.8138118680960703,1.0,0.8036593942782552,0.8242241317339911,0.9109449768516649,1.0,0.85293022965074,0.9774278212016313,0.7968011052357116,7.810249675906654,0.6836284770397726,0.9548783260445869
gn,swish,2025,BraTS20_Training_070.npy,0.6322674841196473,6.082762530298219,0.4802377676084648,0.925141000747615,0.659435248167588,3.7416573867739413,0.7547699711328594,0.585483089914419,0.7280438369884237,1.4142135623730951,0.7611237536207143,0.6977195880168912,0.7924912544478491,3.4641016151377544,0.6837555969268957,0.942350505432039,0.9008811553113552,1.0,0.8759312517973714,0.9272940700047149
gn,swish,2025,BraTS20_Training_071.npy,0.22844396576092457,14.352700094407323,0.4969879509755891,0.14830720056511176,0.8548177282278314,2.449489742783178,0.8398312984272697,0.8703487284288247,0.8151560308832787,2.449489742783178,0.7179793152601597,0.9427556659952412,0.6035517705673379,12.083045973594572,0.7834034288884917,0.4908611775766542,0.9336732220962067,1.0,0.9533524233677735,0.9147900297614584
gn,swish,2025,BraTS20_Training_072.npy,0.7588338747754443,4.0,0.6712871280798801,0.8726403519580285,0.6033915463828508,6.0,0.8489786613347258,0.4680089203649827,0.8823433924765965,1.0,0.8533668253208783,0.9133569592712462,0.9270987424964059,1.0,0.8788728689077363,0.980924431161427,0.7882764984491197,3.605551275463989,0.9045814289371207,0.6984717492924456
gn,swish,2025,BraTS20_Training_073.npy,0.8887989743820899,1.0,0.8823135615446331,0.8953804335660592,0.8458339411852775,1.0,0.8403769478650319,0.8513622674409334,0.8012303402000869,1.0,0.7297040161419619,0.8883026626067396,0.9172800995267374,1.0,0.8685687277047854,0.971779789193193,0.9151512360256029,1.0,0.8930119722156804,0.9384161451815375
gn,tanhexp,2025,BraTS20_Training_001.npy,0.8731747227866394,1.0,0.8983358149981637,0.8493846807999849,0.887099396993336,1.4142135623730951,0.8125208521512011,0.9767521807559658,0.8837297875967366,1.0,0.9200129763823759,0.8501998664722852,0.9392660098573492,1.0,0.9737177258368142,0.9071688993361445,0.9223247659788035,1.0,0.8675752133141464,0.9844498571890133
gn,tanhexp,2025,BraTS20_Training_002.npy,0.9062436232879802,2.23606797749979,0.9697598242688211,0.8505361922151128,0.8134615874592009,2.0,0.9322767411481613,0.7215081016382263,0.8568899374027074,1.0,0.8868529532953842,0.8288853991310328,0.932207478609105,1.0,0.9838945820969542,0.8856799032229213,0.8641824610177736,1.4142135623730951,0.9720472792030493,0.7778653576513602
gn,tanhexp,2025,BraTS20_Training_003.npy,0.7483870907388138,2.449489742783178,0.6330149981853342,0.9151873586748056,0.7267815709766686,4.0,0.8408881727101978,0.6399427969180648,0.8548644324483822,1.0,0.8939292832090416,0.8190709021422038,0.9102529947932717,1.0,0.9161082795065444,0.9044720801681077,0.7586145908977723,3.1622776601683795,0.8634213436899314,0.6764976472211713
gn,tanhexp,2025,BraTS20_Training_004.npy,0.775297187141028,4.123105625617661,0.675252524570452,0.9101429531516093,0.9435794272819971,1.0,0.9752034040257802,0.9139420390327809,0.8982575255834491,1.0,0.9314605927642355,0.8673401118093791,0.9337699512201227,1.0,0.9038582640312951,0.9657291522156152,0.9548252936891231,0.0,0.9712919157856644,0.9389076915932443
gn,tanhexp,2025,BraTS20_Training_005.npy,0.627078383556852,30.215889859476256,0.47439352957653924,0.924693514742011,0.5106669655168797,21.095023109728988,0.3657124471442386,0.8459821397098878,0.7722314755938792,25.059928172283335,0.7283600235877153,0.8217267000323308,0.8554283054323508,25.079872407968907,0.7664521008962877,0.967775864440834,0.7788387728272779,16.492422502470642,0.6529887243716271,0.964780160531888
gn,tanhexp,2025,BraTS20_Training_006.npy,0.5775779209880619,5.0990195135927845,0.4243845841281353,0.9038461528751116,0.9171909650421799,1.0,0.8888782754493288,0.9473666348867283,0.8147989657101187,1.0,0.9159384266351566,0.7337743663143408,0.9181501342551193,1.0,0.8738217554447572,0.9672163569690665,0.9339535994752893,1.0,0.8998856040391188,0.9707025943942459
gn,tanhexp,2025,BraTS20_Training_007.npy,0.8526444499348144,13.560963846099598,0.8207769251890025,0.8870865111733889,0.878151260363373,1.0,0.9092992358321823,0.8490665506267238,0.8856727030355169,1.0,0.8892677368253488,0.8821066180027274,0.9315705970747908,1.0,0.9216281250166076,0.9417299252200044,0.9143061057620276,1.0,0.9365719613440461,0.8930743525341776
gn,tanhexp,2025,BraTS20_Training_008.npy,0.06956521701323251,9.1104335791443,0.4076432861373703,0.03802733191902952,0.7774185854451073,2.0,0.914699921772502,0.6759670988927108,0.8558875182078755,1.0,0.8042939652824611,0.9145539820229673,0.5325558782007875,8.12403840463596,0.801169584786772,0.3988355152880803,0.7986782922332489,1.7320508075688772,0.950423107690571,0.6887174707614748
gn,tanhexp,2025,BraTS20_Training_009.npy,0.7099961253951964,10.0,0.7227086288362878,0.6977231188327281,0.8276415213375596,2.23606797749979,0.8063252484751005,0.850115445810873,0.7132808372889421,3.3166247903554,0.5837016953333526,0.9168080967331724,0.8243952329520637,3.7416573867739413,0.7293363231271441,0.9479470264785077,0.8920786585842658,1.4142135623730951,0.833994167703985,0.9588595432767351
gn,tanhexp,2025,BraTS20_Training_010.npy,0.28646814818519356,17.832554500127006,0.7293665886877815,0.17823639691258725,0.7959330083373409,2.23606797749979,0.8647297549211895,0.7372762893885569,0.8793436286363067,1.0,0.8444307108845501,0.9172679964469408,0.8132582029743068,10.04987562112089,0.8770374594265979,0.7581263122504928,0.8321189187194838,2.0,0.902988619962673,0.7715638892767129
gn,tanhexp,2025,BraTS20_Training_011.npy,0.45407503160725254,5.196152422706632,0.3050184655550327,0.8880455351799776,0.8824709447152841,1.4142135623730951,0.9502688485406398,0.823703010029165,0.7648163041265645,1.4142135623730951,0.9878766868931821,0.6239334930825492,0.9145971559646459,1.0,0.9298448482896359,0.8998414614381782,0.9045044405431117,1.0,0.9633349694212636,0.8524458699457955
gn,tanhexp,2025,BraTS20_Training_012.npy,0.7408585040920936,3.0,0.8079757225488698,0.68403669473748,0.8188371621148381,2.23606797749979,0.7784039960811221,0.8637009660490331,0.834904479156666,1.0,0.8377699634391931,0.8320585287129058,0.9096891703920976,1.0,0.9349033805134017,0.8857992895230584,0.8841554557606818,1.4142135623730951,0.8583009996977063,0.9116159074909987
gn,tanhexp,2025,BraTS20_Training_013.npy,0.8840475697744271,1.0,0.8215510662904429,0.9568353296084828,0.8398040637337015,1.4142135623730951,0.873286378797231,0.8087944086171245,0.6948502985690416,1.4142135623730951,0.7182470890857957,0.6729297131224085,0.9064541600594249,1.0,0.8686618501075598,0.9476844547416615,0.9030871682620489,1.0,0.9159886918327999,0.8905440276754413
gn,tanhexp,2025,BraTS20_Training_014.npy,0.5299994925546485,3.7416573867739413,0.5680582729201367,0.49672022008107214,0.8202959830167517,2.0,0.9120412494479752,0.7453216010742778,0.835666228227859,1.0,0.9165912684253612,0.7678715236307397,0.8736968038158097,1.4142135623730951,0.9508221110963387,0.8081446816718906,0.888268283476386,1.0,0.9805485093075132,0.8118631731324741
gn,tanhexp,2025,BraTS20_Training_015.npy,0.29747016678045807,11.045361017187261,0.1795965415797158,0.8655555507469136,0.9294989051366725,1.0,0.9585819160897145,0.9021286643022696,0.8734801178258954,1.0,0.8858031538704697,0.8614952453959646,0.7571085508797868,4.242640687119285,0.6153193411691354,0.9838096952027771,0.9480427784070159,1.0,0.9484703120875693,0.9476156299084836
gn,tanhexp,2025,BraTS20_Training_016.npy,0.1685796269177711,11.40175425099138,0.09215357737971781,0.9877722545365981,0.8211273452193065,2.0,0.9434930310464326,0.726857992979703,0.6771352171454057,2.0,0.9910981498034701,0.5142345209977167,0.7872525938345027,3.7416573867739413,0.6593398567111289,0.9767416699204018,0.9151610722792235,1.0,0.9593501054063927,0.8748636075866549
gn,tanhexp,2025,BraTS20_Training_017.npy,0.6353296600005957,5.0990195135927845,0.5099129931394766,0.8425642214410459,0.9077920271005764,1.0,0.9568384136994829,0.8635285897851759,0.8406951021543791,1.0,0.9572600360379048,0.7494366823462859,0.8820857487787268,1.4142135623730951,0.8555157586994873,0.9103590205729408,0.9318324677762709,1.0,0.9711452211758452,0.8955787085688122
gn,tanhexp,2025,BraTS20_Training_018.npy,0.389662023959622,9.9498743710662,0.5747800417953067,0.29473683767313025,0.7841344265984772,3.1622776601683795,0.884504008403852,0.7042223999267896,0.7287184267335866,12.24744871391589,0.9191740358750794,0.6036419968863154,0.7220749702346176,11.657600445345567,0.9366404669123749,0.5874922964032893,0.790947171665115,3.0,0.8984048741702825,0.706449181613112
gn,tanhexp,2025,BraTS20_Training_019.npy,0.6666270991354816,3.605551275463989,0.5231973164494156,0.9183973819813617,0.7834538783529617,2.23606797749979,0.8129892469621551,0.7559892809838862,0.7957656018090244,1.0,0.9154183217003787,0.70377624513963,0.928575051760621,1.0,0.8908843135781942,0.9695958467240872,0.9025194173174284,1.0,0.9033952095112917,0.9016453213386706
gn,tanhexp,2025,BraTS20_Training_020.npy,0.7283821065951075,4.47213595499958,0.5811524129944605,0.9755216766300847,0.73466637409231,4.898979485566356,0.8467498689026405,0.6487870357940262,0.7246108513098207,1.4142135623730951,0.8657426177366673,0.6230434550265178,0.8597246044490785,2.449489742783178,0.7648568237159444,0.9814581850920026,0.9019045863217667,1.0,0.8784154745538649,0.9266844252714702
gn,tanhexp,2025,BraTS20_Training_021.npy,0.11913993613274608,10.63014581273465,0.06339084747415286,0.9883040357716938,0.758330743058396,3.0,0.7431466219682752,0.7741482963346198,0.7082898843739704,1.4142135623730951,0.9047619017490446,0.5819233228059042,0.8767722895834311,1.0,0.8126653716481472,0.9518595021655796,0.7963929756838001,2.449489742783178,0.7739432414200598,0.8201840135652144
gn,tanhexp,2025,BraTS20_Training_022.npy,0.8204685793586685,3.605551275463989,0.7276900767334971,0.9403621971894649,0.880990910864128,1.0,0.9659027237891457,0.8098018161298702,0.8727584677682204,1.0,0.8654299978785852,0.880212112263348,0.9221114166227455,1.0,0.8752488817850153,0.9742760596685405,0.9442738354974262,1.0,0.9727678438925441,0.9174015975692033
gn,tanhexp,2025,BraTS20_Training_023.npy,0.906805092946058,1.0,0.8483836684650423,0.9738675941221819,0.8324276808309837,2.0,0.8829088439704587,0.7874069311812968,0.8707807382558295,1.0,0.8515132112539882,0.8909403990328706,0.9478928791043942,1.0,0.9118452579528442,0.9869079225672155,0.901987466320264,1.0,0.9187559271165148,0.8858201254605129
gn,tanhexp,2025,BraTS20_Training_024.npy,0.6223021576149999,8.06225774829855,0.5727361235195012,0.6812601327744727,0.8012415645566315,2.23606797749979,0.8855475148679772,0.7315924535783547,0.7924020086999797,2.0,0.6694638028400589,0.9706488857776678,0.8228328120056698,2.23606797749979,0.7073356715314414,0.9834084277851003,0.8720498032225484,1.4142135623730951,0.89758311708352,0.8479289873981836
gn,tanhexp,2025,BraTS20_Training_025.npy,0.9564582950839152,0.0,0.9423392888979568,0.9710068245219794,0.8304509576151964,1.4142135623730951,0.9044294785084237,0.7676596336165862,0.8970236437004105,1.0,0.9249125216974058,0.8707674024567871,0.9650059869273607,0.0,0.9716600284560242,0.9584424605915755,0.9141795166114861,1.0,0.9578550320740423,0.8743132720717038
gn,tanhexp,2025,BraTS20_Training_026.npy,0.4236330136390616,9.48154779566017,0.6036308617926218,0.3263254111775592,0.876456827447314,1.4142135623730951,0.8713668963950028,0.881606571636189,0.7140416120787935,2.23606797749979,0.7501267102761756,0.6812689398591166,0.7648958026654809,5.0990195135927845,0.895712198637839,0.667420766051132,0.9313405205017058,1.0,0.9581398474729789,0.9059995656230767
gn,tanhexp,2025,BraTS20_Training_027.npy,0.8133532528909623,3.1622776601683795,0.9122847556774706,0.7337795122385392,0.5970571045551215,9.486832980505138,0.9786104035458686,0.42957056777559977,0.842081779379137,1.0,0.7882458229187077,0.9038106308381948,0.9250216584773919,1.0,0.9243300669246723,0.9257142853494722,0.7142572904687404,7.280109889280518,0.9964590083728755,0.5566199826878362
gn,tanhexp,2025,BraTS20_Training_028.npy,0.8315909826595957,1.0,0.8864704842652439,0.7831102895199042,0.2864130432836868,8.12403840463596,0.38439095480599755,0.22823733193131515,0.6824235401998087,1.7320508075688772,0.700681006701242,0.66509337095722,0.8532377321938358,1.4142135623730951,0.8888888882960592,0.8203360615373078,0.8208263525987627,3.0,0.9211348760029617,0.7402189692186089
gn,tanhexp,2025,BraTS20_Training_029.npy,0.8077765585767345,1.4142135623730951,0.871234489833228,0.7529351671621483,0.9292843834385516,1.0,0.9393707806213274,0.9194122883491697,0.8864994018137126,1.0,0.8459919297561973,0.9310810792836273,0.9402050499276096,1.0,0.9239924250419361,0.9569967769197412,0.9399235911381786,1.0,0.9469936326687634,0.9329583338442765
gn,tanhexp,2025,BraTS20_Training_030.npy,0.19183537938322143,33.52610922848042,0.16533180683448623,0.2284584962177194,0.8409862367338827,1.7320508075688772,0.8426324882611237,0.8393464051373261,0.7892886522632294,1.4142135623730951,0.8580256938396069,0.7307479214255569,0.7803686968743935,26.625174795850054,0.8094212982025817,0.75332940394422,0.8542960765812581,1.4142135623730951,0.8583637845299062,0.8502667397068089
gn,tanhexp,2025,BraTS20_Training_031.npy,0.7259672354646447,4.123105625617661,0.786674723090082,0.6739580628087523,0.8547890288753308,1.0,0.8772529109258397,0.8334468907635647,0.8908796642524608,1.0,0.8929354775667449,0.8888332950244107,0.9148658396751871,1.0,0.9342525344931226,0.8962673754177687,0.9200529426362315,1.0,0.9425941832197086,0.8985646267797615
gn,tanhexp,2025,BraTS20_Training_032.npy,0.7976250083713964,2.8284271247461903,0.7086564119630655,0.9121400508636452,0.628808018902241,2.449489742783178,0.7953693486269356,0.5199279275532052,0.7877018688320063,1.0,0.874725503634084,0.7164268578996001,0.9009597362425578,1.0,0.9102122771599471,0.8918934107871074,0.8835513985035931,1.0,0.9696226411435387,0.8115150172720478
gn,tanhexp,2025,BraTS20_Training_033.npy,0.734227804214796,5.744562646538029,0.6163431576607439,0.9078715126934849,0.9291660169437641,1.0,0.9399786291212558,0.9185993315977207,0.9154998170840436,1.0,0.9393466169408792,0.892833817673316,0.9504096959392263,0.0,0.9143912950464417,0.9893820245282412,0.9504031650412363,0.0,0.9521122165264955,0.9487002380162114
gn,tanhexp,2025,BraTS20_Training_034.npy,0.8785922016861556,1.0,0.867136949225426,0.890354163099878,0.8646019455167161,1.4142135623730951,0.9347900744966965,0.8042177572750373,0.8097404936002567,1.7320508075688772,0.7356938187737643,0.9003606848510366,0.9142245132271467,1.0,0.863376680924002,0.9714364320623704,0.9364263943579407,1.0,0.9495156868346002,0.923693072469411
gn,tanhexp,2025,BraTS20_Training_035.npy,0.5527988401670386,7.0710678118654755,0.41405662723876363,0.8313768230493235,0.6985213362569402,4.58257569495584,0.787164585741439,0.627821807493971,0.7888732827260331,1.0,0.9491385702130333,0.6749120748315028,0.8507649541822346,2.23606797749979,0.8316876865184849,0.8707379575053776,0.8576466917795503,2.23606797749979,0.8853372587028366,0.8316357394926187
gn,tanhexp,2025,BraTS20_Training_036.npy,0.6979591789254478,3.883745824048262,0.8769230619329391,0.5796610103993106,0.7801120444537292,3.7416573867739413,0.9205597169231383,0.6768470506506424,0.8384670114481376,1.0,0.7987604090668984,0.8823277687583917,0.8803396118507654,1.0,0.8658663868025985,0.8953049093446576,0.8714517062757199,1.4142135623730951,0.9619535881260431,0.7965145501890664
gn,tanhexp,2025,BraTS20_Training_037.npy,0.8349298280046058,1.4142135623730951,0.8189664581897013,0.8515278872526095,0.8453571943909064,2.23606797749979,0.7451222615606825,0.97675118799421,0.8580023633356006,1.0,0.8330899222247097,0.8844506786145521,0.9388173236254457,1.0,0.9151793298847615,0.9637087747958524,0.8722775998959461,2.0,0.7792342149170878,0.9905532412303817
gn,tanhexp,2025,BraTS20_Training_038.npy,0.7731918617866291,3.7416573867739413,0.7661072523475047,0.7804087239335736,0.798944031822807,2.23606797749979,0.7919255209797736,0.8060880592849994,0.7746211301812052,2.449489742783178,0.7442854176543101,0.8075347703076317,0.8486869652376792,2.23606797749979,0.8231079393081228,0.8759067754666131,0.9062193171427487,1.0,0.8908990622293548,0.9220756977881971
gn,tanhexp,2025,BraTS20_Training_039.npy,0.9269662913689968,1.0,0.9060077504747938,0.9489174544165808,0.8423784865222105,1.4142135623730951,0.973564793368794,0.7423482418971835,0.8743080552493678,1.0,0.880477155090849,0.8682248013621705,0.9313862453722259,1.0,0.9289620354774624,0.9338231402643781,0.8997838957692971,1.0,0.9876574159667411,0.8262693404710686
gn,tanhexp,2025,BraTS20_Training_040.npy,0.9400449198203078,1.0,0.9398214186401324,0.940268526831447,0.9170075447196241,1.0,0.9365736441552538,0.8982422324172715,0.8869561414988841,1.0,0.8458652880769151,0.9322430975551275,0.9574671673136537,0.0,0.932570656135378,0.983729446510254,0.9478869127550914,1.0,0.9537903237091342,0.942056129612259
gn,tanhexp,2025,BraTS20_Training_041.npy,0.6992175262923044,5.0,0.5829853846999338,0.8733385423247124,0.928995146427778,1.0,0.9608870557180474,0.8991522205334758,0.7987929989144279,2.23606797749979,0.8661169992591061,0.7411804225095975,0.8591463410892219,2.0,0.8596705300621716,0.8586227902336356,0.9509033615681958,0.0,0.978339350041999,0.9249641952423385
gn,tanhexp,2025,BraTS20_Training_042.npy,0.9445088450822768,1.0,0.9436052361814676,0.9454141857807415,0.8785756423860445,1.0,0.9812799888554167,0.7953331687904764,0.8632636866270129,1.0,0.846165810729421,0.8810667813631341,0.9604862436173429,0.0,0.9506475589570982,0.9705307077922725,0.9397140647957358,1.0,0.9815248540199407,0.9013198320952577
gn,tanhexp,2025,BraTS20_Training_043.npy,0.49572401725507464,5.830951894845301,0.3364816994559589,0.9411117174402217,0.7858222966839226,3.0,0.7955118928790795,0.7763659046570902,0.5745730539381916,2.6579053028629036,0.5769817051182099,0.5721844271648359,0.6950447853603051,2.449489742783178,0.5487931474840473,0.9475688977199891,0.844999170558274,1.4142135623730951,0.8166662211609537,0.8753687101934852
gn,tanhexp,2025,BraTS20_Training_044.npy,0.2338072632889848,5.744562646538029,0.1840795974109553,0.32034630647851486,0.7502985428856285,4.0,0.724850022655255,0.7775990094198026,0.7780320340698528,1.4142135623730951,0.8427761979973357,0.7225258001060971,0.783315274151367,1.4142135623730951,0.7971334024413814,0.7699680470182745,0.7909540709930746,3.3166247903554,0.7679895557347313,0.8153342938156479
gn,tanhexp,2025,BraTS20_Training_045.npy,0.8395512817821951,1.0,0.7912638951236927,0.8941152369646946,0.8506205502702531,1.0,0.8633438843694297,0.8382667840185749,0.8981300044877313,1.0,0.9393280030008784,0.8603939743081357,0.9582521031176342,0.0,0.9729652612574068,0.9439773000892803,0.9446622004494973,1.0,0.9590141409711668,0.9307334884626861
gn,tanhexp,2025,BraTS20_Training_046.npy,0.5185184971803087,3.3011900773366945,0.3865030437728194,0.7874999015625123,0.5730593176157893,15.748015748023622,0.4368215494696394,0.8327949625881221,0.7738963501961752,1.4142135623730951,0.7428150276874353,0.8076923012204142,0.8089887612043933,1.4142135623730951,0.7578947318559557,0.8674698729859196,0.5956914274433375,15.427248620541512,0.4584227614169768,0.85030367945169
gn,tanhexp,2025,BraTS20_Training_047.npy,0.8590293350930241,2.449489742783178,0.7915027274618937,0.9391526084977825,0.8068946518588883,2.23606797749979,0.7277735183678659,0.9053178147850942,0.8571050774481216,1.0,0.9115027652537412,0.8088345393314935,0.9390867453744306,1.0,0.9338592036542332,0.9443731416918146,0.9043906016685247,1.0,0.854951763577408,0.9598981162556993
gn,tanhexp,2025,BraTS20_Training_048.npy,0.7982000664652126,2.0,0.8119718252678041,0.7848876733499818,0.5830422354760658,9.219544457292887,0.4273411434450535,0.9172356362054658,0.7301066427943488,1.4142135623730951,0.65409112859338,0.826113856274048,0.8597616852127075,1.0,0.8130598069544646,0.9121555886153789,0.66120810198466,8.717797887081348,0.5012825334309373,0.9709837688168376
gn,tanhexp,2025,BraTS20_Training_049.npy,0.34561834278772857,6.708203932499369,0.20995024666716172,0.9768518066272311,0.9212941851944555,1.0,0.9220619454905727,0.9205277022125214,0.8606060595416128,1.0,0.9534118910566952,0.7842651019290688,0.9522888448825609,0.0,0.9520842265748083,0.9524935491132985,0.9305005988918484,1.0,0.9311935769292874,0.9298086513231506
gn,tanhexp,2025,BraTS20_Training_050.npy,0.8555291129850024,1.4142135623730951,0.7699029124015125,0.9625847908023617,0.747795043837395,5.477225575051661,0.8609767884743901,0.6609131399029243,0.8506589461608222,1.0,0.9136166350606929,0.7958187561235134,0.959767448977969,0.0,0.9419977538255383,0.9782204430015097,0.9420466058167398,1.0,0.9499629637876474,0.9342610966195758
gn,tanhexp,2025,BraTS20_Training_051.npy,0.8626281888115571,1.0,0.8129916816970293,0.9187198351061218,0.9255813734410644,1.0,0.9464793876955008,0.9055862683482576,0.8840717798618105,1.0,0.8495993888976732,0.9214599015795251,0.9409066536781715,1.0,0.8997949180244987,0.9859550555643227,0.9421322517004612,1.0,0.9543884181167731,0.9301868790993412
gn,tanhexp,2025,BraTS20_Training_052.npy,0.8758547617491527,1.0,0.8173647297908239,0.943360993893442,0.8417227779294076,1.4142135623730951,0.9750249347795632,0.7404860014724014,0.8628508002416094,1.0,0.8760463609400662,0.8500468594709498,0.946150695827822,1.0,0.9315906182839926,0.9611731255902565,0.9034598788065581,1.0,0.9880588792399592,0.8322052837345382
gn,tanhexp,2025,BraTS20_Training_053.npy,0.7019907802532847,6.0,0.5748776233511345,0.9012747126674366,0.9395402469793837,1.0,0.9606897933859483,0.9193018542828731,0.8459156429012731,1.0,0.8745860003592559,0.8190653424120499,0.8570091755199997,2.23606797749979,0.7808725305381685,0.9495967736465456,0.9601886624944557,0.0,0.9663204971007971,0.9541341568491186
gn,tanhexp,2025,BraTS20_Training_054.npy,0.853389384540658,1.0,0.854608328289568,0.8521739117658562,0.8213033089994786,1.4142135623730951,0.7590848228232635,0.89463193131568,0.9035969274010088,1.0,0.8677736974400372,0.9425052056109465,0.9420243830419561,1.0,0.9115540826978531,0.9746021766778269,0.918918203474155,1.0,0.8679667478132425,0.9762246216500443
gn,tanhexp,2025,BraTS20_Training_055.npy,0.7545854725288101,5.830951894845301,0.6323393780628045,0.9354251911427349,0.9321003962547245,1.0,0.957752827307229,0.9077862683482909,0.8607180565677307,1.0,0.9872819755483504,0.7629165099560872,0.9422329443297704,1.0,0.9524454674485534,0.9322371032142706,0.9450681061343261,1.0,0.969006389064674,0.9222840493497739
gn,tanhexp,2025,BraTS20_Training_056.npy,0.8236687861181764,3.1622776601683795,0.7750528035965116,0.8787919094215116,0.6807105441013691,4.123105625617661,0.5763594289547053,0.8312013342385975,0.8532917401868675,1.0,0.8109650865919,0.9002800015226802,0.9100925516306586,1.0,0.8626008158919698,0.9631184296763469,0.8716134377858934,1.7320508075688772,0.7908801695187736,0.9707030785501329
gn,tanhexp,2025,BraTS20_Training_057.npy,0.8016850278650599,3.0,0.7856462344056963,0.8183923227972466,0.9118503795306866,1.0,0.8900253150542526,0.9347727332209105,0.854029484963563,1.0,0.8508069187846199,0.8572765549166161,0.9141559161213063,1.0,0.9067335479453039,0.9217008029369106,0.9337850984832803,1.0,0.9133571609351055,0.9551477138809322
gn,tanhexp,2025,BraTS20_Training_058.npy,0.49857642249663875,21.118712081942874,0.6598931495326339,0.4006371269037723,0.5868460250466941,10.344080432788601,0.5155128688669518,0.6810907145462323,0.49558307786408173,15.297058540778355,0.8321407262490449,0.35286680551686783,0.5243266896359298,17.26267650163207,0.7667248395772398,0.39837988139330793,0.7021316669601514,8.12403840463596,0.6939510741448992,0.7105074331557607
gn,tanhexp,2025,BraTS20_Training_059.npy,0.4406779627066413,4.123105625617661,0.31742507971781264,0.7204030045238539,0.8014623785981605,3.605551275463989,0.7676661770737403,0.8383713470557977,0.8165374646860927,1.0,0.9436859987740103,0.719583599742462,0.8809583207363156,1.0,0.8514230542623104,0.9126163344745795,0.8259469466598344,3.1622776601683795,0.7916891732418824,0.8633036011177618
gn,tanhexp,2025,BraTS20_Training_060.npy,0.8837729895236007,1.4142135623730951,0.9462359729021484,0.8290459596100578,0.8613692097916611,1.0,0.8361818766553138,0.8881210458782042,0.8347090196863108,1.0,0.8660648028283052,0.8055443717688248,0.9317963495359137,1.0,0.9832030115889941,0.8854981739996092,0.9352874369547436,1.0,0.9391841552214765,0.9314229203024276
gn,tanhexp,2025,BraTS20_Training_061.npy,0.8365873660077217,3.0,0.7413492283493033,0.9599021066266904,0.6004759930668068,27.47089231566646,0.7773610170430529,0.48916800093638374,0.8015002879389064,1.0,0.8505817500756556,0.7577741397193479,0.920703154632416,1.0,0.8944071581697187,0.9485922169024105,0.852496584361091,11.74734012447073,0.9266586821908221,0.7893254985149853
gn,tanhexp,2025,BraTS20_Training_062.npy,0.9076393151297323,1.0,0.8494602154890742,0.9743736736946778,0.900030869156432,1.0,0.9353596867016084,0.8672736805143209,0.8993223765262639,1.0,0.9884550306908885,0.8249349352608297,0.9627236962971764,0.0,0.9954537295377053,0.9320774442351566,0.9460014041145566,1.0,0.9813800964785879,0.913084754580608
gn,tanhexp,2025,BraTS20_Training_063.npy,0.5531660659906448,2.23606797749979,0.6036505788311528,0.5104740847797786,0.8124295740606615,1.4142135623730951,0.9322657639424451,0.7198924725653668,0.7824978742937598,1.0,0.8172138384329465,0.7506112438850397,0.8426825433364423,1.0,0.8901026120817523,0.8000595037189541,0.8693644755332142,1.0,0.9792734218131752,0.781637262205215
gn,tanhexp,2025,BraTS20_Training_064.npy,0.8464563593317534,2.8284271247461903,0.7841976635536876,0.9194532069086611,0.5283848075702796,8.717797887081348,0.8240065387172997,0.38887240344543844,0.7696437884254834,1.4142135623730951,0.7104219765759212,0.8396371666757139,0.908954385808482,1.0,0.840735317936112,0.9892219799474024,0.8374470067599594,3.0,0.8627981004161355,0.813543142732095
gn,tanhexp,2025,BraTS20_Training_065.npy,0.7867935042708813,3.2703206512992655,0.6878669208623589,0.9189542363535395,0.7165681767132545,5.656854249492381,0.9313925366595266,0.5822687255588023,0.8852023873835395,1.0,0.9552452525769951,0.8247295183161375,0.9351247588801986,1.0,0.9577981626270035,0.91349999771625,0.7567964496022226,4.47213595499958,0.951738536516607,0.628136841659873
gn,tanhexp,2025,BraTS20_Training_066.npy,0.8933130692300053,1.0,0.8649205402223065,0.9236329338095021,0.9003390284649346,1.0,0.919779616633949,0.8817032278754129,0.8187681940642912,1.0,0.8276976332051961,0.8100293643437663,0.9150884967192253,1.0,0.907897289368154,0.9223945321839963,0.9351114516263692,1.0,0.9481107374713932,0.9224638036906992
gn,tanhexp,2025,BraTS20_Training_067.npy,0.7962831938133658,2.449489742783178,0.6756042895184855,0.969449866808947,0.9331577525031634,1.0,0.9190321635426545,0.9477243421377021,0.8836759759008364,1.0,0.9876671013243611,0.7994971941997022,0.9636204559489133,0.0,0.9836363109724189,0.9444029538504679,0.9606931452352797,0.0,0.9570475660933262,0.964366603918723
gn,tanhexp,2025,BraTS20_Training_068.npy,0.8298785651426493,4.242640687119285,0.7413967096874575,0.9423422261785902,0.79763884559337,2.23606797749979,0.9239986447099675,0.7016816177287928,0.8411732149829921,1.0,0.8624113469060912,0.8209559810822603,0.9058797921541805,1.0,0.8589539475031092,0.9582291800558383,0.9350223871661846,1.0,0.9672726639030741,0.9048532638151607
gn,tanhexp,2025,BraTS20_Training_069.npy,0.8500028921009999,2.23606797749979,0.7614260541188589,0.9619010205800596,0.7621274838046288,7.483314773547883,0.6690301149403913,0.8853225337611483,0.8268569081009953,1.0,0.8378862511433138,0.816114157018872,0.9182074772586588,1.0,0.8708236706258914,0.971044566156607,0.8244255898628254,5.0990195135927845,0.736949739760914,0.9354652027203273
gn,tanhexp,2025,BraTS20_Training_070.npy,0.6104069377735438,7.280109889280518,0.44648006013109165,0.9645424044422211,0.6459452028505552,4.47213595499958,0.7856187585656121,0.5484392989921765,0.7302192561669651,1.4142135623730951,0.781448637854941,0.6852935099543779,0.789085839343244,3.1622776601683795,0.6736949496475386,0.9521749575614136,0.8892759782184453,1.4142135623730951,0.8845074325367289,0.8940962186913788
gn,tanhexp,2025,BraTS20_Training_071.npy,0.21681591234106037,21.563858652847824,0.2289156622675441,0.20593105493612668,0.8871209857380451,1.4142135623730951,0.9263396883888901,0.8510882252808742,0.8207508897909808,2.449489742783178,0.7243436748414132,0.946760943176915,0.6608056080386123,15.748015748023622,0.6200798012401166,0.7072570721357583,0.9349422102778657,1.0,0.9641664796608539,0.9074374211574088
gn,tanhexp,2025,BraTS20_Training_072.npy,0.7653402747886414,2.449489742783178,0.6792079201516191,0.87649062925713,0.5933194473072061,5.385164807134504,0.8845616931470437,0.44635643529472596,0.8926253856181141,1.0,0.8834527443029564,0.9019904989648265,0.9431659652550027,1.0,0.9110609577739907,0.9776163266846262,0.7843759561074529,3.1622776601683795,0.9366724877770751,0.6746779430579632
gn,tanhexp,2025,BraTS20_Training_073.npy,0.896466720832329,1.0,0.8764225453522259,0.9174491928276816,0.8674587527541053,1.0,0.8851757880082727,0.8504370230698064,0.8443069038286699,1.0,0.8363636354795311,0.8524024985429838,0.9527979364982911,0.0,0.9383897448529802,0.9676554784871442,0.9275540137053356,1.0,0.9339607805804351,0.9212345458144116
